Country,State Code,State Name,Town Code,Town Name
aw,,,,-- please select
af,,,,-- please select
af,,,449376752,Bāmīyān
af,,,450096917,Čārīkār
af,,,457693058,Fayzābād
af,,,444984922,Gardez
af,,,444840842,Ġaznī
af,,,447684218,Herāt
af,,,448009044,Jalālābād
af,,,448332917,Kabul
af,,,444048992,Khowst
af,,,448764118,Kūhestān
af,,,437748435,Laškar Gāh
af,,,453372477,Maymanah
af,,,456144710,Mazār-e Šarīf
af,,,453444870,Pol-e H̱umrī
af,,,437820569,Qandahār
af,,,456000574,Shibarghan
af,,,456252953,Tāloqān
ao,,,,-- please select
ao,,,278731340,Benguela
ao,,,304003219,Cabinda
ao,,,297452083,Dundo
ao,,,278047574,Huambo
ao,,,292267324,Luanda
ao,,,270343349,Lubango
ao,,,296587505,Uíge
ai,,,,-- please select
ax,,,,-- please select
al,,,,-- please select
al,,,472052009,Elbasan
al,,,468308015,Gjirokastër
al,,,470288079,Korçë
al,,,475471951,Shkodër
al,,,472807982,Tirana
al,,,469747949,Vlorë
ad,,,,-- please select
ad,,,477054151,Andorra la Vella
ad,,,476910150,Sant Julià de Lòria
ae,,,,-- please select
ae,,,412151437,Abu Dhabi
ae,,,415535543,'Ajmān
ae,,,411251574,al-'Ayn
ae,,,414995533,Dubai
ae,,,416867594,Rā's al-H̱aymah
ae,,,415355541,Sharjah
ar,,,,-- please select
ar,,,184619772,Bahía Blanca
ar,,,199416163,Buenos Aires
ar,,,221519422,Catamarca
ar,,,158915251,Comodoro Rivadavia
ar,,,207084176,Concepción del Uruguay
ar,,,210971581,Córdoba
ar,,,225048119,Corrientes
ar,,,229764182,Formosa
ar,,,236927470,Jujuy
ar,,,198300204,La Plata
ar,,,218135315,La Rioja
ar,,,199524089,Luján
ar,,,10003,Mar de Ajó
ar,,,187212242,Mar del Plata
ar,,,205607117,Mendoza
ar,,,183791194,Neuquén
ar,,,209747948,Paraná
ar,,,201971943,Pergamino
ar,,,225372409,Posadas
ar,,,204743565,Río Cuarto
ar,,,138179076,Río Gallegos
ar,,,205427933,Rosario
ar,,,234767459,Salta
ar,,,210467147,San Juan
ar,,,10004,San Justo
ar,,,204095365,San Luis
ar,,,204959151,San Martín
ar,,,210251931,Santa Fé
ar,,,192179570,Santa Rosa
ar,,,223931572,Santiago del Estero
ar,,,189660085,Tandil
ar,,,227423478,Tucumán
ar,,,10005,Valentín Alsina
ar,,,206615982,Victoria
ar,,,207335674,Villa María
am,,,,-- please select
am,,,469210514,Gavar
am,,,470830383,Gyumri
am,,,470902449,Vanadzor
am,,,468634452,Yerevan
as,,,,-- please select
aq,,,,-- please select
tf,,,,-- please select
ag,,,,-- please select
ag,,,385607815,Saint John's
au,,,,-- please select
au,,,198283860,Adelaide
au,,,214197166,Armidale
au,,,188816384,Ballarat
au,,,276979102,Batchelor
au,,,203720957,Bathurst
au,,,225177302,Brisbane
au,,,196916913,Canberra
au,,,10001,Clayton
au,,,204945143,Cooranbong
au,,,279283085,Darwin
au,,,10002,Fremantle
au,,,186728432,Geelong
au,,,222981344,Gold Coast
au,,,169772729,Hobart
au,,,174812713,Launceston
au,,,220317329,Lismore
au,,,187916496,Melbourne
au,,,205521175,Newcastle
au,,,208973584,Perth
au,,,239901051,Rockhampton
au,,,230865256,Sunshine Coast
au,,,202101121,Sydney
au,,,187052662,Toongabbie
au,,,224817196,Toowoomba
au,,,254696678,Townsville
au,,,200121087,Wollongong
at,,,,-- please select
at,,,492787591,Bad Gleichenberg
at,,,494730974,Dornbirn
at,,,496495670,Eisenstadt
at,,,493507542,Graz
at,,,498151452,Hagenberg im Mühlkreis
at,,,494227152,Hall in Tirol
at,,,494227141,Innsbruck
at,,,494839529,Kapfenberg
at,,,491851431,Klagenfurt
at,,,497935631,Klosterneuburg
at,,,498331559,Krems an der Donau
at,,,495451219,Kufstein
at,,,494587509,Leoben
at,,,497935429,Linz
at,,,496135304,Salzburg
at,,,497575561,Sankt Pölten
at,,,492499350,Spittal an der Drau
at,,,496963441,Steyr
at,,,497611637,Vienna
at,,,491851385,Villach
at,,,497431403,Wels
at,,,496171624,Wiener Neustadt
az,,,,-- please select
az,,,469426986,Baku
az,,,470470635,Gəncə
az,,,463522884,Lənkəran
az,,,465214541,Naxçıvan
az,,,470146964,Sumqayıt
bi,,,,-- please select
bi,,,311888935,Bujumbura
bi,,,311348970,Mwaro
bi,,,313544982,Ngozi
be,,,,-- please select
be,,,508410442,Antwerp
be,,,502866582,Arlon
be,,,508410323,Brugge
be,,,507006433,Brussels
be,,,508230500,Geel
be,,,507798372,Gent
be,,,507366533,Hasselt
be,,,507006327,Kortrijk
be,,,507186470,Leuven
be,,,506322557,Liège
be,,,505638393,Mons
be,,,505710487,Namur
bj,,,,-- please select
bj,,,346914244,Cotonou
bq,,,,-- please select
bq,,,367751172,Kralendijk
bf,,,,-- please select
bf,,,368549847,Ouagadougou
bd,,,,-- please select
bd,,,404415181,Chāţţagām
bd,,,409347039,Dhāka
bd,,,416294864,Dinājpūr
bd,,,406250956,Khulnā
bd,,,408483117,Komīllā
bd,,,410102914,Kushţiyā
bd,,,413127039,Maimansingh
bd,,,406143109,Noākhāli
bd,,,410426924,Pābna
bd,,,404523024,Paţūākhālī
bd,,,411758859,Rājshāhī
bd,,,416690925,Rangpūr
bd,,,416834889,Sa'idpur
bd,,,413667187,Silhaţ
bd,,,411326992,Tangāyal
bg,,,,-- please select
bg,,,475328309,Blagoevgrad
bg,,,477056747,Burgas
bg,,,480908783,Dobrich
bg,,,478460531,Gabrovo
bg,,,480332462,Pleven
bg,,,475760475,Plovdiv
bg,,,481880598,Ruse
bg,,,479828693,Shumen
bg,,,477704331,"Sofia, Sofiya"
bg,,,476732563,Stara Zagora
bg,,,481052535,Svishtov
bg,,,479576790,Varna
bg,,,479144563,Veliko Tyrnovo
bh,,,,-- please select
bh,,,418235055,'Īsā
bh,,,10089,Juffair
bh,,,418379058,Manama
bs,,,,-- please select
bs,,,414226267,Nassau
ba,,,,-- please select
ba,,,485227719,Banja Luka
ba,,,485371587,Bihać
ba,,,480043781,Mostar
ba,,,481879838,Sarajevo
ba,,,10084,Slobomir
ba,,,483247767,Travnik
ba,,,484363867,Tuzla
ba,,,483139791,Zenica
bl,,,,-- please select
by,,,,-- please select
by,,,511652368,Brèst
by,,,512769099,Homjel'
by,,,517232383,Hrodna
by,,,518061033,Mahiljow
by,,,511400927,Mazyr
by,,,518096755,Minsk
by,,,523964866,Navapolack
by,,,522705018,Vicebsk
bz,,,,-- please select
bz,,,387009181,Belize
bz,,,386109121,Belmopan
bm,,,,-- please select
bm,,,440291521,Hamilton
bo,,,,-- please select
bo,,,284339123,Cobija
bo,,,261443383,Cochabamba
bo,,,264611183,El Alto
bo,,,264611185,La Paz
bo,,,259283288,Oruro
bo,,,253559425,Potosí
bo,,,260039679,Santa Cruz
bo,,,255395474,Sucre
bo,,,246503526,Tarija
bo,,,270587509,Trinidad
br,,,,-- please select
br,,,246937405,Alfenas
br,,,284738293,Aracaju
br,,,247656955,Araçatuba
br,,,245713187,Araraquara
br,,,211260590,Bagé
br,,,248809241,Batatais
br,,,243625092,Bauru
br,,,318829150,Belém
br,,,252301606,Belo Horizonte
br,,,227101091,Blumenau
br,,,334199934,Boa Vista
br,,,241645155,Botucatu
br,,,267205209,Brasília
br,,,297986412,Campina Grande
br,,,241537292,Campinas
br,,,250392537,Campo Grande
br,,,216300882,Canoas
br,,,309146175,Cascavel
br,,,218964883,Caxias do Sul
br,,,297986058,Crato
br,,,220765061,Criciúma
br,,,220908638,Cruz Alta
br,,,278402089,Cruz das Almas
br,,,267816391,Cuiabá
br,,,232501071,Curitiba
br,,,243984519,Dourados
br,,,242041669,Duque de Caxias
br,,,224544773,Erechim
br,,,244093325,Espírito Santo do Pinhal
br,,,279914103,Feira de Santana
br,,,224653146,Florianópolis
br,,,310406141,Fortaleza
br,,,250105261,Franca
br,,,266664987,Goiás
br,,,256081803,Governador Valadares
br,,,232644852,Guarapuava
br,,,239557351,Guarulhos
br,,,221808608,Ijuí
br,,,270806095,Ilhéus
br,,,227173132,Itajaí
br,,,243301455,Itajubá
br,,,251797543,Itaúna
br,,,250825221,Ituverava
br,,,242365301,Jaguariúna
br,,,226200850,Joaçaba
br,,,298382514,João Pessoa
br,,,290101950,Juazeiro
br,,,245713664,Juiz de Fora
br,,,247513499,Lavras
br,,,240132882,Londrina
br,,,324156895,Macapá
br,,,289274425,Maceió
br,,,312779998,Manaus
br,,,321277254,Maracanã
br,,,244057005,Marília
br,,,239736807,Maringá
br,,,239341379,Moji das Cruzes
br,,,263821614,Montes Claros
br,,,305330266,Mossoró
br,,,303134478,Natal
br,,,241573687,Niterói
br,,,242149653,Nova Iguaçu
br,,,239305322,Osasco
br,,,250645649,Ouro Preto
br,,,287041169,Palmas
br,,,222312758,Passo Fundo
br,,,209676766,Pelotas
br,,,290245949,Petrolina
br,,,242977680,Petrópolis
br,,,242257236,Piracicaba
br,,,233688984,Ponta Grossa
br,,,215868878,Porto Alegre
br,,,292475609,Porto Velho
br,,,244380861,Presidente Prudente
br,,,294926508,Recife
br,,,247801220,Ribeirão Preto
br,,,288083218,Rio Branco
br,,,241537680,Rio de Janeiro
br,,,226057035,Rio do Sul
br,,,208632789,Rio Grande
br,,,277322150,Salvador
br,,,217056756,Santa Cruz do Sul
br,,,217128617,Santa Maria
br,,,238873347,Santo André
br,,,237793367,Santos
br,,,238657346,São Bernardo do Campo
br,,,239125342,São Caetano do Sul
br,,,244741211,São Carlos
br,,,284378279,São Cristóvão
br,,,249133061,São José do Rio Preto
br,,,240493412,São José dos Campos
br,,,216804885,São Leopoldo
br,,,315013570,São Luís
br,,,239305337,São Paulo
br,,,242113628,Seropédica
br,,,310729965,Sobral
br,,,279337356,Taguatinga
br,,,241141444,Taubaté
br,,,305653720,Teresina
br,,,247801696,Tocantins
br,,,221485098,Tubarão
br,,,252877206,Uberaba
br,,,255973172,Uberlândia
br,,,216840291,Uruguaiana
br,,,243373633,Vassouras
br,,,249277712,Viçosa
br,,,250861972,Vila Velha
br,,,250897969,Vitória
br,,,270553916,Vitória da Conquista
bb,,,,-- please select
bb,,,371208039,Bridgetown
bb,,,10103,Christ Church
bn,,,,-- please select
bn,,,341777495,Bandar Seri Begawan
bn,,,10076,Gadong
bt,,,,-- please select
bt,,,422846967,Thimphu
bv,,,,-- please select
bw,,,,-- please select
bw,,,247808750,Francistown
bw,,,235280591,Gaborone
bw,,,252056342,Maun
bw,,,242804713,Palapye
cf,,,,-- please select
cf,,,339715856,Bangui
ca,,,,-- please select
ca,,,500621770,Abbotsford
ca,,,488243803,Antigonish
ca,,,520998673,Athabasca
ca,,,10067,Brampton
ca,,,503432004,Brandon
ca,,,10068,Burnaby
ca,,,507786594,Calgary
ca,,,514878716,Camrose
ca,,,501558233,Castlegar
ca,,,490475686,Charlottetown
ca,,,498358892,Chicoutimi-Jonquière
ca,,,502889500,Courtenay
ca,,,502242423,Cranbrook
ca,,,497063363,Dalhousie
ca,,,524741976,Dawson Creek
ca,,,516858646,Edmonton
ca,,,494579166,Edmundston
ca,,,489467334,Fredericton
ca,,,480825974,Guelph
ca,,,484823639,Halifax
ca,,,479746015,Hamilton
ca,,,506453966,Kamloops
ca,,,503610054,Kelowna
ca,,,483238350,Kingston
ca,,,480465950,Kitchener
ca,,,10069,Langley
ca,,,10070,Laval
ca,,,502890717,Lethbridge
ca,,,478701876,London
ca,,,504437922,Merritt
ca,,,479710092,Mississauga Beach
ca,,,489935522,Moncton
ca,,,487882643,Montreal
ca,,,501161603,Nanaimo
ca,,,10071,New Westminster
ca,,,490690055,North Bay
ca,,,482014114,Oshawa
ca,,,487522429,Ottawa
ca,,,483490166,Peterborough
ca,,,518081723,Prince George
ca,,,492562877,Quebec
ca,,,505627539,Regina
ca,,,498395146,Rimouski
ca,,,497674097,Rouyn-Noranda
ca,,,489179565,Sackville
ca,,,479458076,Saint Catharines-Niagara
ca,,,487055394,Saint John
ca,,,495300731,Saint John's
ca,,,511747334,Saskatoon
ca,,,10072,Scarborough
ca,,,487450810,Sherbrooke
ca,,,495839530,Shippagan
ca,,,502925684,Squamish
ca,,,491373899,Sudbury
ca,,,10073,Surrey
ca,,,490151983,Sydney
ca,,,498321072,Thunder Bay
ca,,,481150062,Toronto
ca,,,490870743,Trois-Rivières
ca,,,501413687,Vancouver
ca,,,498353663,Victoria
ca,,,487270748,Waterloo
ca,,,542632495,Whitehorse
ca,,,476289697,Windsor
ca,,,503576283,Winnipeg
ca,,,486299563,Wolfville
cc,,,,-- please select
ch,,,,-- please select
ch,,,495270758,Basel
ch,,,493038744,Bern
ch,,,10087,Bluche
ch,,,490806798,Brig-Glis
ch,,,494982819,Brugg
ch,,,493830946,Buchs
ch,,,491850704,Bulle
ch,,,492714953,Chur
ch,,,494622965,Diepoldsau
ch,,,492534714,Fribourg
ch,,,490374614,Geneva
ch,,,491166627,Gland
ch,,,10086,Glion
ch,,,491490662,Lausanne
ch,,,490878702,Leysin
ch,,,490266879,Locarno
ch,,,489654894,Lugano
ch,,,493434830,Luzern
ch,,,493254692,Neuchâtel
ch,,,490050792,Saas Fee
ch,,,494802936,Saint Gall
ch,,,495054872,Winterthur
ch,,,493866852,Zug
ch,,,494586854,Zurich
cl,,,,-- please select
cl,,,238870961,Antofagasta
cl,,,257446970,Arica
cl,,,192250789,Chillán
cl,,,191422695,Concepción
cl,,,225514966,Copiapó
cl,,,251182986,Iquique
cl,,,216370875,La Serena
cl,,,180550717,Los Lagos
cl,,,132634907,Punta Arenas
cl,,,203050930,San Bernardo
cl,,,206110928,San Felipe
cl,,,203554936,Santiago
cl,,,196498834,Talca
cl,,,184582742,Temuco
cl,,,180658677,Valdivia
cl,,,205066836,Valparaíso
cl,,,205174845,Viña del Mar
cn,,,,-- please select
cn,,,463961548,Baoding
cn,,,442649733,Bengbu
cn,,,481962535,Changchun
cn,,,425549297,Changsha
cn,,,438437997,Changzhou
cn,,,434440407,Chengdu
cn,,,430480658,Chongqing
cn,,,464142165,Dalian
cn,,,441209150,Danjiangkou
cn,,,10063,Daqing
cn,,,407009373,Dongguan
cn,,,459029852,Dongying
cn,,,406937312,Foshan
cn,,,474762388,Fushun
cn,,,475446174,Fuxin
cn,,,417917930,Fuzhou
cn,,,407261325,Guangzhou
cn,,,415037028,Guilin
cn,,,419716672,Guiyang
cn,,,396209032,Haikou
cn,,,465508683,Hainan
cn,,,432930017,Hangzhou
cn,,,488730665,Harbin
cn,,,438689728,Hefei
cn,,,420833262,Hengyang
cn,,,470981164,Hohhot
cn,,,423244994,Huaihua
cn,,,441497698,Huainan
cn,,,407117440,Huizhou
cn,,,405317308,Jiangmen
cn,,,481890655,Jilin
cn,,,456041700,Jinan
cn,,,429401718,Jingdezhen
cn,,,433289218,Jingzhou
cn,,,428861965,Jinhua
cn,,,472062110,Jinzhou
cn,,,425980972,Jishou
cn,,,449489435,Kaifeng
cn,,,414208270,Kunming
cn,,,453808368,Lanzhou
cn,,,430767110,Lasa
cn,,,455177597,Liaocheng
cn,,,453917152,Linfen
cn,,,427996538,Luzhou
cn,,,411617612,Meizhou
cn,,,437320477,Mianyang
cn,,,427277588,Nanchang
cn,,,434836613,Nanchong
cn,,,439409878,Nanjing
cn,,,406180832,Nanning
cn,,,430516505,Neijiang
cn,,,431598155,Ningbo
cn,,,419716168,Panzhihua
cn,,,467777640,Peking
cn,,,453882032,Qingdao
cn,,,467777962,Qinhuangdao
cn,,,413669858,Quanzhou
cn,,,452189697,Qufu
cn,,,436458147,Shanghai
cn,,,408161667,Shantou
cn,,,413309358,Shaoguan
cn,,,474510345,Shenyang
cn,,,405137413,Shenzhen
cn,,,483506603,Shihezi
cn,,,461009448,Shijiazhuang
cn,,,436710062,Suzhou
cn,,,454349712,Taian
cn,,,460361255,Taiyuan
cn,,,440993990,Taizhou
cn,,,464897720,Tianjin
cn,,,481706758,Urumqi
cn,,,424902065,Wenzhou
cn,,,434117427,Wuhan
cn,,,436889837,Wuhu
cn,,,437718030,Wuxi
cn,,,10062,Wuzhishan City
cn,,,412049808,Xiamen
cn,,,447400890,Xian
cn,,,424289290,Xiangtan
cn,,,447760870,Xianyang
cn,,,455860177,Xining
cn,,,448589917,Xinpu
cn,,,451181387,Xinxiang
cn,,,447401718,Xuzhou
cn,,,431956308,Yaan
cn,,,455788947,Yanan
cn,,,440669943,Yangzhou
cn,,,478398952,Yanji
cn,,,459138140,Yantai
cn,,,434549128,Yichang
cn,,,462520632,Yinchuan
cn,,,400349038,Zhanjiang
cn,,,407009245,Zhaoqing
cn,,,449129367,Zhengzhou
cn,,,440021943,Zhenjiang
ci,,,,-- please select
ci,,,343205597,Abidjan
ci,,,351701497,Bouaké
ci,,,348821355,Daloa
cm,,,,-- please select
cm,,,345475015,Bamenda
cm,,,342559051,Bangangté
cm,,,338994923,Buéa
cm,,,343675005,Djang
cm,,,338634971,Douala
cm,,,362107433,Maroua
cm,,,340831237,Nanga Eboko
cm,,,350371358,Ngaoundéré
cm,,,337951152,Yaoundé
cd,,,,-- please select
cd,,,312103738,Bandundu
cd,,,325784945,Beni
cd,,,314984884,Bukavu
cd,,,329637024,Bunia
cd,,,324488928,Butembo
cd,,,317936922,Goma
cd,,,333956762,Isiro
cd,,,292592501,Kamina
cd,,,305911881,Kikwit
cd,,,313400592,Kindu
cd,,,308503532,Kinshasa
cd,,,325928519,Kisangani
cd,,,285500566,Kolwezi
cd,,,282044748,Lubumbashi
cd,,,305119486,Mbanza-Ngungu
cd,,,301952359,Mbuji-Mayi
cg,,,,-- please select
cg,,,308719526,Brazzaville
ck,,,,-- please select
co,,,,-- please select
co,,,347626417,Antioquia
co,,,340318431,Armenia
co,,,349534615,Barrancabermeja
co,,,363466520,Barranquilla
co,,,340678591,Bogotá
co,,,349678687,Bucaramanga
co,,,346006435,Caldas
co,,,336394348,Cali
co,,,361450450,Cartagena
co,,,352378749,Cúcuta
co,,,346186444,Envigado
co,,,329806438,Florencia
co,,,340030476,Ibagué
co,,,342226448,Manizales
co,,,346654446,Medellín
co,,,355546411,Montería
co,,,334594473,Neiva
co,,,350614734,Pamplona
co,,,328366272,Pasto
co,,,341326432,Pereira
co,,,332722339,Popayán
co,,,344494334,Quibdó
co,,,365554709,Ríohacha
co,,,346186461,Ríonegro
co,,,342622423,Risaralda
co,,,364546581,Santa Marta
co,,,338734379,Tuluá
co,,,343990663,Tunja
co,,,361738675,Valledupar
co,,,338950636,Villavicencio
km,,,,-- please select
km,,,281830326,Mvouni
cv,,,,-- please select
cv,,,378339631,Assomada
cv,,,384819501,Mindelo
cv,,,377763646,Praia
cv,,,379023624,Tarrafal
cr,,,,-- please select
cr,,,360081577,Alajuela
cr,,,359541607,Cartago
cr,,,359721575,Colón
cr,,,360009588,Heredia
cr,,,359757592,San José
cu,,,,-- please select
cu,,,397378335,Bayamo
cu,,,401050209,Camagüey
cu,,,402670124,Ciego de Ávila
cu,,,403785955,Cienfuegos
cu,,,396550478,Guantánamo
cu,,,407277761,Havanna
cu,,,399214375,Holguín
cu,,,399502305,Las Tunas
cu,,,407025842,Matanzas
cu,,,398386508,Moa
cu,,,404685630,Pinar del Rio
cu,,,402958056,Sancti Spíritus
cu,,,404686003,Santa Clara
cu,,,396046418,Santiago de Cuba
cw,,,,-- please select
cw,,,367571107,Willemstad
cx,,,,-- please select
ky,,,,-- please select
ky,,,393417861,George Town
ky,,,10018,Newlands
cy,,,,-- please select
cy,,,450417394,Gazimağusa
cy,,,451209333,Girne
cy,,,450777342,Haspolat
cy,,,450417285,Lefka
cy,,,448869305,Lemesos
cy,,,450597338,Nicosia
cz,,,,-- please select
cz,,,501139661,Brno
cz,,,500347446,České Budějovice
cz,,,504811582,Hradec Králové
cz,,,506827506,Liberec
cz,,,502615725,Olomouc
cz,,,503803789,Opava
cz,,,503407827,Ostrava
cz,,,504127577,Pardubice
cz,,,503119337,Plzeň
cz,,,504307443,Prague
cz,,,506431402,Ústí nad Labem
cz,,,501247765,Zlín
de,,,,-- please select
de,,,506790609,Aachen
de,,,499879009,Aalen
de,,,497610901,Albstadt
de,,,503982915,Aschaffenburg
de,,,498115089,Augsburg
de,,,506358722,Bad Honnef
de,,,503659090,Bamberg
de,,,503839158,Bayreuth
de,,,495739140,Benediktbeuern
de,,,513091338,Berlin
de,,,497178978,Biberach
de,,,511326853,Bielefeld
de,,,503910788,Bingen
de,,,509346720,Bochum
de,,,506646710,Bonn
de,,,512731253,Brandenburg
de,,,515106881,Bremen
de,,,516798858,Bremerhaven
de,,,507078690,Brühl
de,,,512191051,Brunswick
de,,,507007292,Chemnitz
de,,,510535033,Clausthal-Zellerfeld
de,,,504991095,Coburg
de,,,507438697,Cologne
de,,,510391433,Cottbus
de,,,503550864,Darmstadt
de,,,499879296,Deggendorf
de,,,509454748,Dortmund
de,,,507799374,Dresden
de,,,509166675,Duisburg
de,,,508482679,Düsseldorf
de,,,514243380,Eberswalde
de,,,500023120,Eichstätt
de,,,517518965,Elmshorn
de,,,515682846,Elsfleth
de,,,516150721,Emden
de,,,507583103,Erfurt
de,,,502579101,Erlangen
de,,,509310700,Essen
de,,,499482932,Esslingen
de,,,521262942,Flensburg
de,,,504450868,Frankfurt
de,,,512443453,Frankfurt
de,,,507331334,Freiberg
de,,,496782785,Freiburg
de,,,498295173,Freising
de,,,495594948,Friedrichshafen
de,,,505998969,Fulda
de,,,496998820,Furtwangen
de,,,509454711,Gelsenkirchen
de,,,506106868,Gießen
de,,,509526992,Göttingen
de,,,518743339,Greifswald
de,,,508950746,Hagen
de,,,509347196,Halle
de,,,516799000,Hamburg
de,,,512658973,Hanover
de,,,519138908,Heide
de,,,501930869,Heidelberg
de,,,500922922,Heilbronn
de,,,511794995,Hildesheim
de,,,505171190,Hof
de,,,504882826,Idstein
de,,,506503091,Ilmenau
de,,,499591143,Ingolstadt
de,,,509022768,Iserlohn
de,,,495739003,Isny
de,,,507367158,Jena
de,,,502038775,Kaiserslautern
de,,,500418840,Karlsruhe
de,,,508770948,Kassel
de,,,495847030,Kempten
de,,,519571012,Kiel
de,,,505278760,Koblenz
de,,,495666917,Konstanz
de,,,510355197,Köthen
de,,,508806655,Krefeld
de,,,498763214,Landshut
de,,,515682746,Leer
de,,,508879240,Leipzig
de,,,511362891,Lemgo
de,,,517951066,Lübeck
de,,,500058919,Ludwigsburg
de,,,502146844,Ludwigshafen
de,,,515719040,Lüneburg
de,,,511687162,Magdeburg
de,,,504018826,Mainz
de,,,502218847,Mannheim
de,,,506898877,Marburg
de,,,508915199,Merseburg
de,,,507583298,Mittweida
de,,,511687195,Möckern
de,,,508231368,Moritzburg
de,,,497323158,Munich
de,,,511074762,Münster
de,,,516871327,Neubrandenburg
de,,,501427078,Neuendettelsau
de,,,498259001,Neu-Ulm
de,,,509455079,Nordhausen
de,,,502039105,Nuremberg
de,,,499086934,Nürtingen
de,,,504774858,Oberursel
de,,,504018800,Oestrich-Winkel
de,,,498546795,Offenburg
de,,,515358821,Oldenburg
de,,,512226805,Osnabrück
de,,,515178915,Ottersberg
de,,,510210874,Paderborn
de,,,498907344,Passau
de,,,500022869,Pforzheim
de,,,503334860,Pfungstadt
de,,,512659307,Potsdam
de,,,500491211,Ratisbon
de,,,498582921,Reutlingen
de,,,497358948,Riedlingen
de,,,496315215,Rosenheim
de,,,518743210,Rostock
de,,,498582893,Rottenburg
de,,,501318697,Saarbrücken
de,,,506826718,Sankt Augustin
de,,,506647045,Schmalkalden
de,,,499734979,Schwäbisch Gmünd
de,,,500850973,Schwäbisch Hall
de,,,507150801,Siegen
de,,,497142921,Sigmaringen
de,,,501606843,Spires
de,,,519571309,Stralsund
de,,,499662919,Stuttgart
de,,,503118663,Trier
de,,,497106863,Trossingen
de,,,498726906,Tübingen
de,,,498258997,Ulm
de,,,505458761,Vallendar
de,,,513846829,Vechta
de,,,516906972,Wedel
de,,,495630823,Weilheim
de,,,507583132,Weimar
de,,,496134963,Weingarten
de,,,510643079,Wernigerode
de,,,504306823,Wiesbaden
de,,,516762811,Wilhelmshaven
de,,,518059146,Wismar
de,,,509202734,Witten
de,,,511831055,Wolfenbüttel
de,,,502722835,Worms
de,,,508554718,Wuppertal
de,,,503298994,Würzburg
de,,,507259481,Zittau
de,,,506611250,Zwickau
dj,,,,-- please select
dj,,,365746315,Djibouti
dm,,,,-- please select
dm,,,379091861,Roseau
dk,,,,-- please select
dk,,,529398993,Aalborg
dk,,,526159022,Århus
dk,,,523710845,Esbjerg
dk,,,523531157,Frederiksberg
dk,,,522918950,Haderslev
dk,,,525727262,Helsingør
dk,,,524431258,København
dk,,,523890948,Kolding
dk,,,527958895,Oddense
dk,,,527311005,Randers
dk,,,524359208,Roskilde
dk,,,521730978,Sønderborg
dk,,,527599003,Spentrup
do,,,,-- please select
do,,,390466926,Azua
do,,,392230959,Bonao
do,,,392842936,Jarabacoa
do,,,393202947,La Vega
do,,,393490975,San Francisco de Macorís
do,,,390467069,San Pedro de Macorís
do,,,394138931,Santiago
do,,,390539009,Santo Domingo
dz,,,,-- please select
dz,,,456138320,ad-D̨ār-al-Bayda
dz,,,445734288,al-Aġwāt
dz,,,455346283,al-Blīdah
dz,,,454986390,al-Būīrah
dz,,,456390304,Algiers
dz,,,452574454,al-Masīlah
dz,,,456894776,Annābah
dz,,,454230132,aš-Šalif
dz,,,452070617,Bātnah
dz,,,456354507,Bijāyah
dz,,,449514573,Biskrah
dz,,,456390346,Bumardās
dz,,,454914660,Constantine
dz,,,456606577,Jījīlī
dz,,,453402009,Mostaghanem
dz,,,455310743,Qalmah
dz,,,449442014,Sa'īdah
dz,,,456786690,Sakīkdah
dz,,,454302541,Satīf
dz,,,450701936,Sīdī Bal'abbas
dz,,,451494812,Tibissah
dz,,,449621868,Tilimsān
dz,,,451386132,Tiyārat
dz,,,456210405,Tīzī Wazū
dz,,,453186711,Umm-al-Bawāġī
dz,,,452537938,Wahrān
dz,,,439110534,Warqlā
ec,,,,-- please select
ec,,,319546138,Ambato
ec,,,314146116,Azogues
ec,,,317530046,Babahoyo
ec,,,313570099,Cuenca
ec,,,327430033,Esmeraldas
ec,,,318214099,Guaranda
ec,,,316054010,Guayaquil
ec,,,325306187,Ibarra
ec,,,320662139,Latacunga
ec,,,309646079,Loja
ec,,,312274004,Machala
ec,,,320553928,Manta
ec,,,320193954,Portoviejo
ec,,,320338052,Quevedo
ec,,,323326150,Quito
ec,,,317998135,Riobamba
eg,,,,-- please select
eg,,,436412995,Alexandria
eg,,,410709292,Aswan
eg,,,421905118,Asyut
eg,,,433713118,Benha
eg,,,428709109,Beni Suef
eg,,,432237125,Cairo
eg,,,435765047,Damanhoor
eg,,,437133182,Damietta
eg,,,436089380,El Arish
eg,,,433029174,El Asher men Ramadan
eg,,,429537084,El Faiyum
eg,,,435765138,El Mansura
eg,,,434109150,El Zagazig
eg,,,432057121,Gizeh
eg,,,434145226,Ismailia
eg,,,436017093,Kafr el Sheikh
eg,,,433389050,Madīnat as-Sādāt
eg,,,425145075,Menia
eg,,,436557229,Port Said
eg,,,418161272,Qena
eg,,,434037100,Shebin-El-Kom
eg,,,419601169,Sohag
eg,,,434865100,Tanta
er,,,,-- please select
er,,,379209894,Āsmara
eh,,,,-- please select
es,,,,-- please select
es,,,480005158,A Coruña
es,,,462077952,Alacant
es,,,469745663,Alcalá de Henares
es,,,456605757,Almería
es,,,479105751,Arrasate
es,,,470429530,Ávila
es,,,463985303,Badajoz
es,,,460817652,Baeza
es,,,473058217,Barcelona
es,,,479717707,Bilbao
es,,,476477631,Burgos
es,,,455525371,Cádiz
es,,,459413902,Cartagena
es,,,467909995,Castelló
es,,,464345606,Ciudad Real
es,,,460385523,Córdoba
es,,,475146281,Girona
es,,,457829641,Granada
es,,,458117306,Huelva
es,,,459989620,Jaén
es,,,425176457,Las Palmas
es,,,477341443,León
es,,,473850063,Lleida
es,,,476909756,Logroño
es,,,469529629,Madrid
es,,,456209558,Málaga
es,,,455489511,Marbella
es,,,460745887,Murcia
es,,,480077417,Oviedo
es,,,466470265,Palma
es,,,478169835,Pamplona
es,,,471509433,Salamanca
es,,,426508375,Santa Cruz de Tenerife
es,,,480509620,Santander
es,,,471401589,Segovia
es,,,458657402,Sevilla
es,,,472050124,Tarragona
es,,,466145961,Valencia
es,,,473957526,Valladolid
es,,,475002224,Vic
es,,,476009129,Vigo
es,,,473957911,Zaragoza
ee,,,,-- please select
ee,,,538004474,Tallinn
ee,,,534188671,Tartu
et,,,,-- please select
et,,,375429947,Āddīgrat
et,,,356529874,Āddīs Ābebā
et,,,374889872,Aksum
et,,,345765755,Ārba Minch
et,,,356746086,Āsbe Teferi
et,,,360273453,Āsosa
et,,,349437847,Āwassa
et,,,365637737,Bahir Dar
et,,,350229624,Bonga
et,,,371397790,Debark
et,,,358869953,Debre Birhan
et,,,361245772,Debre Mark'os
et,,,366717801,Debre Tabor
et,,,355521899,Debre Zeyit
et,,,364089963,Desē
et,,,347097831,Dilla
et,,,358546186,Dirē Dawa
et,,,359301873,Fichē
et,,,353721459,Gambēla
et,,,349257997,Goba
et,,,369417746,Gondar
et,,,356349785,Hāgere Hiywet
et,,,347349852,Hagereselam
et,,,357538213,Harar
et,,,351201785,Hossa'ina
et,,,10104,Injibara
et,,,357682279,Jijiga
et,,,351669683,Jīmma
et,,,344361665,Jinka
et,,,370029954,Maych'ew
et,,,372621947,Mek'elē
et,,,353901558,Metu
et,,,354801927,Nazrēt
et,,,350517867,Negēlē
et,,,356745653,Nek'emtē
et,,,348861775,Soddo
et,,,349977541,Tēppī
et,,,366609959,Weldiya
et,,,353829777,Welk'īt'ē
fi,,,,-- please select
fi,,,540776466,Espoo
fi,,,540632494,Helsinki
fi,,,549416978,Joensuu
fi,,,548156575,Jyväskylä
fi,,,553844312,Kokkola
fi,,,550460770,Kuopio
fi,,,543584566,Lahti
fi,,,543836818,Lappeenranta
fi,,,558092547,Oulu
fi,,,553268270,Pietarsaari
fi,,,545384177,Pori
fi,,,563384570,Rovaniemi
fi,,,545492376,Tampere
fi,,,541640225,Turku
fi,,,551180161,Vaasa
fj,,,,-- please select
fj,,,260639745,Lautoka
fj,,,258767843,Suva
fk,,,,-- please select
fr,,,,-- please select
fr,,,482886408,Alès
fr,,,503658230,Amiens
fr,,,494945946,Angers
fr,,,480978712,Antibes
fr,,,505062278,Arras
fr,,,488754311,Aubière
fr,,,482274481,Avignon
fr,,,501966209,Beauvais
fr,,,495558685,Belfort
fr,,,494082602,Besançon
fr,,,485441942,Bordeaux
fr,,,498221550,Brest
fr,,,499626232,Cachan
fr,,,501101964,Caen
fr,,,500562207,Cergy
fr,,,488106591,Chambéry
fr,,,499626227,Châtenay-Malabry
fr,,,488826308,Clermont-Ferrand
fr,,,501894282,Compiègne
fr,,,476298915,Corte
fr,,,499662245,Créteil
fr,,,494406503,Dijon
fr,,,505350308,Douai
fr,,,507762234,Dunkirk
fr,,,488790475,Écully
fr,,,499122244,Évry
fr,,,499626228,Fontenay-aux-Roses
fr,,,499266213,Gif-sur-Yvette
fr,,,485153938,Gradignan
fr,,,486702572,Grenoble
fr,,,498726770,Illkirch-Graffenstaden
fr,,,499590217,Jouy-en-Josas
fr,,,479322603,La Garde
fr,,,490229882,La Rochelle
fr,,,491310105,La Trimouille
fr,,,502218012,Le Havre
fr,,,496818020,Le Mans
fr,,,488826318,Lempdes
fr,,,506322307,Lille
fr,,,489006125,Limoges
fr,,,495881663,Lorient
fr,,,488754483,Lyon
fr,,,499734244,Maisons-Alfort
fr,,,499770230,Malakoff
fr,,,479934537,Marseille
fr,,,500850618,Metz
fr,,,481014387,Montpellier
fr,,,499914243,Montreuil
fr,,,502074108,Mont-Saint-Aignan
fr,,,495954734,Mulhouse
fr,,,499302617,Nancy
fr,,,500058220,Nanterre
fr,,,494045843,Nantes
fr,,,481338727,Nice
fr,,,481842435,Nîmes
fr,,,499878255,Noisy-le-Grand
fr,,,496458190,Orléans
fr,,,499338218,Orsay
fr,,,499446225,Palaiseau
fr,,,499914234,Paris
fr,,,479897961,Pau
fr,,,477738289,Perpignan
fr,,,485297934,Pessac
fr,,,491706034,Poitiers
fr,,,501318403,Reims
fr,,,497213832,Rennes
fr,,,506502317,Roubaix
fr,,,502002108,Rouen
fr,,,500022217,Rueil-Malmaison
fr,,,500202236,Saint-Denis
fr,,,487566439,Saint-Étienne
fr,,,499842240,Saint-Mandé
fr,,,486630575,Saint-Martin-d'Hères
fr,,,499626229,Sceaux
fr,,,498906776,Strasbourg
fr,,,485369943,Talence
fr,,,479682008,Tarbes
fr,,,481050145,Toulouse
fr,,,494586069,Tours
fr,,,481122699,Valbonne
fr,,,501426120,Val-de-Reuil
fr,,,505350352,Valenciennes
fr,,,499158617,Vandoeuvre-lès-Nancy
fr,,,488862491,Vaulx-en-Velin
fr,,,499734214,Versailles
fr,,,506250314,Villeneuve-d'Ascq
fr,,,500274233,Villetaneuse
fr,,,488790488,Villeurbanne
fo,,,,-- please select
fo,,,547325320,Tórshavn
fm,,,,-- please select
ga,,,,-- please select
ga,,,325422945,Libreville
ga,,,318151360,Masuku
gb,,,,-- please select
ge,,,,-- please select
ge,,,476158272,Kutaisi
ge,,,478858100,Sukhumi
ge,,,474214479,Tbilisi
gg,,,,-- please select
gh,,,,-- please select
gh,,,10074,Abetifi
gh,,,344033980,Accra
gh,,,348497892,Agogo
gh,,,345509991,Akropong
gh,,,342413875,Cape Coast
gh,,,347778047,Ho
gh,,,345941974,Koforidua
gh,,,348101837,Kumasi
gh,,,341621824,Takoradi
gh,,,357857916,Tamale
gh,,,343097800,Tarkwa
gh,,,343277937,Winneba
gi,,,,-- please select
gn,,,,-- please select
gn,,,358396633,Conakry
gn,,,361421069,Kankan
gp,,,,-- please select
gp,,,382511846,Point-à-Pitre
gm,,,,-- please select
gm,,,372472340,Banjul
gm,,,372436332,Serre Kunda
gw,,,,-- please select
gq,,,,-- please select
gq,,,337482879,Malabo
gr,,,,-- please select
gr,,,464996099,Árta
gr,,,460748373,Athens
gr,,,466832085,Ioánnina
gr,,,451208513,Iráklion
gr,,,457364211,Kalamáta
gr,,,471404440,Kavála
gr,,,466651992,Kérkira
gr,,,451856402,Khanía
gr,,,472052540,Komotiní
gr,,,469100179,Kozáni
gr,,,464060243,Lamía
gr,,,466724242,Lárisa
gr,,,462152143,Mesolóngion
gr,,,464816655,Mitilíni
gr,,,461684173,Pátrai
gr,,,460676364,Piraieús
gr,,,462908363,Psakhná
gr,,,451316447,Réthimnon
gr,,,471944355,Sérrai
gr,,,470324294,Thessaloníki
gr,,,459056238,Trípoli
gd,,,,-- please select
gd,,,367427826,Saint George's
gl,,,,-- please select
gl,,,555060827,Nuuk
gt,,,,-- please select
gt,,,376676945,Guatemala
gt,,,377432847,Quetzaltenango
gf,,,,-- please select
gf,,,342588735,Kourou
gu,,,,-- please select
gu,,,372416480,Mangilao
gy,,,,-- please select
gy,,,348456184,Georgetown
hk,,,,-- please select
hk,,,404381417,Jiulong
hk,,,404201414,Xianggangdao
hm,,,,-- please select
hn,,,,-- please select
hn,,,379701197,San Pedro Sula
hn,,,374733278,Tegucigalpa
hr,,,,-- please select
hr,,,477595807,Dubrovnik
hr,,,490195683,Koprivnica
hr,,,487999868,Osijek
hr,,,485587384,Pula
hr,,,487207444,Rijeka
hr,,,480655645,Split
hr,,,482851524,Zadar
hr,,,488899597,Zagreb
ht,,,,-- please select
ht,,,389530625,Les Cayes
ht,,,394966759,Limbe
ht,,,390754766,Port-au-Prince
hu,,,,-- please select
hu,,,495055908,Budapest
hu,,,495164163,Debrecen
hu,,,493147893,Dunaújváros
hu,,,495379935,Gödöllő
hu,,,495703764,Győr
hu,,,492391724,Keszthely
hu,,,497180079,Miskolc
hu,,,489907822,Pécs
hu,,,495667658,Sopron
hu,,,490556016,Szeged
hu,,,493939841,Székesfehérvár
hu,,,494047663,Szombathely
hu,,,493579791,Veszprém
id,,,,-- please select
id,,,314564058,Aberpura
id,,,310710816,Ambon
id,,,344007532,Banda Aceh
id,,,304444527,Bandar Lampung
id,,,299152760,Bandung
id,,,312041459,Banjarmasin
id,,,294509437,Banyuwangi
id,,,327736392,Batam
id,,,310348225,Bengkulu
id,,,300340679,Bogor
id,,,298289187,Bojonegoro
id,,,299440748,Cimahi
id,,,299872856,Cirebon
id,,,292889522,Denpasar
id,,,296129041,Depok
id,,,326046306,Gorontalo
id,,,301780683,Jakarta
id,,,318304361,Jambi
id,,,294617369,Jember
id,,,296813226,Jombang
id,,,295913201,Kediri
id,,,309738259,Kendari
id,,,299513084,Kudus
id,,,287418357,Kupang
id,,,342711714,Lhokseumawe
id,,,296561151,Madiun
id,,,297101021,Magelang
id,,,305525941,Makasar
id,,,295301262,Malang
id,,,329430484,Manado
id,,,293141613,Mataram
id,,,336951867,Medan
id,,,320608035,Padang
id,,,316073392,Palangka Raya
id,,,313264475,Palembang
id,,,320789984,Palu
id,,,298217347,Pamekasan
id,,,299260966,Pekalongan
id,,,326044143,Pekan Baru
id,,,334683906,Pematang Siantar
id,,,323956934,Pontianak
id,,,297280924,Purwokerto
id,,,297749047,Salatiga
id,,,322229715,Samarinda
id,,,298937042,Semarang
id,,,302032615,Serang
id,,,297965274,Surabaya
id,,,296777082,Surakarta
id,,,301780663,Tangerang
id,,,297676821,Tasikmalaya
id,,,299332913,Tegal
id,,,326874736,Ternate
id,,,328782481,Tomohon
id,,,296021037,Yogyakarta
im,,,,-- please select
in,,,,-- please select
in,,,409851127,Agartala
in,,,421909801,Āgra
in,,,406933258,Ahmadābād
in,,,409383271,Āīzawl
in,,,419245464,Ajmer
in,,,398581700,Akola
in,,,417517608,Aligarh
in,,,415646184,Allahābād
in,,,423241660,Alwar
in,,,399445776,Amrāvati
in,,,437929487,Amritsar
in,,,376945759,Anantapur
in,,,416042466,Arrah
in,,,409310698,Asansol
in,,,412730798,Aurangabad
in,,,446137502,Awantipora
in,,,420506220,Ayodhya
in,,,401390695,Bāleshwar
in,,,370717756,Bangalore
in,,,407690707,Bānkura
in,,,407690786,Barddhamān
in,,,426121941,Bareli
in,,,403046673,Bāripada
in,,,418238387,Bhagalpur
in,,,402469213,Bhāvnagar
in,,,396998584,Bhubaneswar
in,,,425725660,Bikaner
in,,,424933332,Bīkāner
in,,,403550215,Bilāspur
in,,,412982498,Bodh Gaya
in,,,392281282,Bombay
in,,,401426387,Burla
in,,,405278836,Calcutta
in,,,204280,Chandigarh
in,,,416834472,Chhāpra
in,,,426877755,Dādri
in,,,418202588,Darbhanga
in,,,433249805,Dehra Dūn
in,,,427237721,Delhi
in,,,409706642,Dhanbad
in,,,422991491,Dibrugarh
in,,,417339373,Dimāpur
in,,,411398725,Dumka
in,,,396025930,Durgāpur
in,,,364885773,Erode
in,,,420434214,Faizābād
in,,,370862025,Gandhi Nagar
in,,,407905263,Gāndhīnagar
in,,,422450861,Gangtok
in,,,427201741,Ghāziābād
in,,,420362336,Gorakhpur
in,,,386449682,Gulbarga
in,,,382742044,Guntūr
in,,,426517701,Gurgaon
in,,,418311175,Guwāhāti
in,,,418453817,Gwalior
in,,,429253952,Haldwāni
in,,,405314833,Hāora
in,,,427453777,Hāpur
in,,,431953816,Haridwār
in,,,410462536,Hazārībāg
in,,,429037572,Hisar
in,,,379033637,Hospet
in,,,379321513,Hubli
in,,,386665848,Hyderabad
in,,,413271394,Imphāl
in,,,405817586,Indore
in,,,421731361,Itānagar
in,,,407437994,Jabalpur
in,,,420937580,Jaipur
in,,,436813557,Jalandhar
in,,,399661556,Jālgaon
in,,,441781485,Jammu
in,,,404917007,Jāmnagar
in,,,406070620,Jamshedpur
in,,,416762269,Jaunpur
in,,,415645856,Jhānsi
in,,,425293539,Jhunjhunūn
in,,,418669302,Jodhpur
in,,,10091,Jorethang
in,,,420363420,Jorhāt
in,,,407941233,Kadi
in,,,360637643,Kalady
in,,,406754848,Kalyani
in,,,366721535,Kannur
in,,,419318033,Kānpur
in,,,10009,Karaikudi
in,,,430909697,Karnāl
in,,,401138097,Khairāgarh
in,,,404450731,Kharagpur
in,,,360097622,Kochi
in,,,360853748,Kodaikānāl
in,,,416439411,Kohīma
in,,,384145422,Kolhāpur
in,,,356029658,Kollam
in,,,414673583,Kota
in,,,358585652,Kottayam
in,,,363661696,Koyampattur
in,,,364561578,Kozhikkod
in,,,369925837,Kuppam
in,,,10010,Kurukshetra
in,,,423529438,Lādnūn
in,,,420686092,Lakhnau
in,,,10013,Lonere
in,,,435301584,Ludhiāna
in,,,382310114,Machilīpatnam
in,,,418274638,Madhepur
in,,,371150027,Madras
in,,,359737812,Madurai
in,,,368341665,Maisūru
in,,,367117825,Mallāpuram
in,,,370393484,Mangaluru
in,,,10011,Manipal
in,,,404414715,Midnapur
in,,,428389770,Mīrat
in,,,418094538,Muzaffarpur
in,,,400201908,Nāgpur
in,,,429793945,Naini Tāl
in,,,393037729,Nānded
in,,,379789848,Nandyāl
in,,,396061378,Nāshik
in,,,399481292,Navsāri
in,,,376081998,Nellur
in,,,426985722,Ni Dilli
in,,,417806305,Nizāmābād
in,,,426913733,Noida
in,,,439657653,Pālampur
in,,,411037243,Pālanpur
in,,,379825381,Panaji
in,,,10012,Pantnagar
in,,,393397676,Parbhani
in,,,409921211,Pātan
in,,,416258513,Patna
in,,,426157560,Pilani
in,,,367009983,Pondicherry
in,,,371006011,Pūnamallī
in,,,390733384,Pune
in,,,395342583,Puri
in,,,408050636,Puruliya
in,,,393793465,Rāhuri
in,,,400490163,Raipur
in,,,433177810,Rāipur
in,,,404341079,Rājkot
in,,,408122533,Rānchi
in,,,404090481,Raurkela
in,,,412334129,Rewa
in,,,428065658,Rohtak
in,,,431557789,Rūrkī
in,,,366037816,Salem
in,,,401318397,Sambalpur
in,,,10014,Santiniketan
in,,,426445448,Sardārshahr
in,,,412514083,Satna
in,,,411577913,Shāhgarh
in,,,398833668,Shegaon
in,,,420254842,Shilīguri
in,,,416079187,Shillong
in,,,436021716,Shimla
in,,,374173557,Shimoga
in,,,387637589,Sholāpur
in,,,423421513,Sīkar
in,,,413415277,Silchar
in,,,435337712,Solon
in,,,428389701,Sonīpat
in,,,389906390,Srīkākulam
in,,,446749479,Srīnagar
in,,,400345282,Sūrat
in,,,433393848,Tehri
in,,,419895279,Tezpur
in,,,362869913,Thanjāvūr
in,,,354661695,Thiruvananthapuram
in,,,361897621,Thrissūr
in,,,362941869,Tiruchchirāppalli
in,,,355453769,Tirunelveli
in,,,373093941,Tirupati
in,,,357829657,Tiruvalla
in,,,372049710,Tumkūr
in,,,415899022,Tura
in,,,412513369,Udaipur
in,,,407509578,Ujjain
in,,,404341318,Vadodara
in,,,415178301,Vārānasī
in,,,370537913,Velluru
in,,,405133290,Vidyanagar
in,,,383498063,Vijayawāda
in,,,387854330,Visakhapatnam
in,,,388861958,Warangal
in,,,417987427,Wokha
io,,,,-- please select
ie,,,,-- please select
ie,,,516329205,Athlone
ie,,,514241308,Carlow
ie,,,510857153,Cork
ie,,,516005375,Dublin
ie,,,515825094,Galway
ie,,,513629137,Limerick
ie,,,516185340,Maynooth
ie,,,513737108,Shannon
ie,,,512225028,Tralee
ie,,,512153287,Waterford
ir,,,,-- please select
ir,,,462514706,Ahar
ir,,,436630872,Ahvāz
ir,,,456899487,'Alīābād
ir,,,455171240,Āmol
ir,,,446710970,Arāk
ir,,,461722830,Ardabīl
ir,,,455531270,Bābol
ir,,,456179264,Bābol Sar
ir,,,440915180,Bahārestān
ir,,,422123625,Bandar-e 'Abbās
ir,,,456431395,Bandar-e Gaz
ir,,,434362922,Bandar-e Māhshahr
ir,,,442391922,Bīrjand
ir,,,458915732,Bojnūrd
ir,,,460210686,Bostānābād
ir,,,455530620,Būkān
ir,,,428135083,Būshehr
ir,,,454235435,Dāmghān
ir,,,10100,Dehāqān
ir,,,446351068,Delījān
ir,,,441671168,Eşfahān
ir,,,428315368,Fasā
ir,,,450815233,Garmsār
ir,,,447683868,Gonābād
ir,,,456611448,Gorgān
ir,,,449194858,Hamadān
ir,,,445090643,Īlām
ir,,,426803357,Jahrom
ir,,,421295428,Jenāh̨
ir,,,452903097,Karaj
ir,,,446351158,Kāshān
ir,,,430583167,Kāzerūn
ir,,,433103708,Kermān
ir,,,447790706,Kermānshāh
ir,,,451392039,Khorramābād
ir,,,419639402,Kīsh
ir,,,457943000,Lāhījān
ir,,,447574885,Malāyer
ir,,,454595957,Mashhad
ir,,,440051401,Meybod
ir,,,440987166,Mobārakeh
ir,,,425796121,Najafābād
ir,,,432419153,Nūrābād
ir,,,455963155,Nūshahr
ir,,,459130500,Orūmīyeh
ir,,,10015,Parand
ir,,,454595000,Qazvīn
ir,,,452651118,Qods
ir,,,448763095,Qom
ir,,,457655850,Qūchān
ir,,,433535602,Rafsanjān
ir,,,458302963,Resht
ir,,,452687191,Rūdehen
ir,,,444622803,Sabzevār
ir,,,451102702,Sanandaj
ir,,,455603310,Sārī
ir,,,450095033,Sāveh
ir,,,452003338,Semnān
ir,,,461470570,Shabestar
ir,,,440375085,Shahr-e Kord
ir,,,455135497,Shāhrūd
ir,,,458843792,Shīravān
ir,,,430691257,Shīrāz
ir,,,439402883,Shūshtar
ir,,,458230932,Şowma'eh Sarā
ir,,,461110630,Tabrīz
ir,,,448871002,Tafresh
ir,,,453874970,Tākestān
ir,,,452435143,Tehrān
ir,,,451031922,Torbat-e H̨eydarīyeh
ir,,,451175165,Varāmīn
ir,,,434975168,Yāsūj
ir,,,438935437,Yazd
ir,,,435696148,Zābol
ir,,,430224083,Zāhedān
ir,,,456034850,Zanjān
iq,,,,-- please select
iq,,,439186493,ad-Dīwānīyah
iq,,,438646715,al-'Amārah
iq,,,433930782,al-Başrah
iq,,,440950443,al-H̨illah
iq,,,441022583,al-Kūt
iq,,,454846314,al-Mawşil
iq,,,439222434,an-Najaf
iq,,,435766626,an-Nāşirīyah
iq,,,444334330,ar-Ramādī
iq,,,436774528,as-Samāwah
iq,,,452038543,as-Sulaymānīyah
iq,,,444010444,Bagdād
iq,,,456682302,Dahūk
iq,,,454270401,Irbīl
iq,,,441418403,Karbalā'
iq,,,451714439,Kirkūk
iq,,,453910463,Kūsanjaq
iq,,,454558488,Rānīyah
iq,,,447250415,Sāmarrā'
iq,,,448618368,Tikrīt
is,,,,-- please select
is,,,560500188,Akureyri
is,,,557115850,Bifröst
is,,,560644087,Hólar
is,,,556467823,Hvanneyri
is,,,561903686,Ísafjörður
is,,,554919808,Reykjavík
il,,,,-- please select
il,,,442605508,'Akko
il,,,439581517,Ari'el
il,,,438033456,Ashqelon
il,,,436521480,Be'er Sheva
il,,,442173499,Haifa
il,,,439833484,Herzeliyya
il,,,438429522,Jerusalem
il,,,10008,Nahalal
il,,,439509480,Ramat Gan
il,,,438825480,Reẖovot
il,,,439077480,Rishon LeẔiyyon
il,,,439473477,Tel Aviv-Yafo
it,,,,-- please select
it,,,480979350,Ancona
it,,,472051687,Bari
it,,,472087477,Benevento
it,,,488538967,Bergamo
it,,,484219134,Bologna
it,,,491419135,Bolzano
it,,,484938783,Bra
it,,,487999022,Brescia
it,,,465210910,Cagliari
it,,,479287307,Camerino
it,,,473419382,Cassino
it,,,488250889,Castellanza
it,,,459019508,Catania
it,,,476479416,Chieti
it,,,488934908,Como
it,,,465463626,Cosenza
it,,,485443161,Ferrara
it,,,481735125,Fiesole
it,,,481627124,Florence
it,,,473311555,Foggia
it,,,483930893,Genoa
it,,,476479339,L'Aquila
it,,,469315816,Lecce
it,,,481879050,Lucca
it,,,479899344,Macerata
it,,,461503555,Messina
it,,,487746919,Milan
it,,,484759092,Modena
it,,,473887448,Molise
it,,,471079427,Naples
it,,,487495187,Padova
it,,,461251336,Palermo
it,,,485335032,Parma
it,,,486738915,Pavia
it,,,479215239,Perugia
it,,,481411040,Pisa
it,,,470395579,Potenza
it,,,461215565,Reggio di Calabria
it,,,474823250,Rome
it,,,470467477,Salerno
it,,,470646856,Sassari
it,,,480007132,Siena
it,,,477631370,Teramo
it,,,489907112,Trento
it,,,488359377,Trieste
it,,,486306768,Turin
it,,,489871324,Udine
it,,,481483263,Urbino
it,,,487567233,Venice
it,,,487603099,Verona
it,,,476731209,Viterbo
jm,,,,-- please select
jm,,,388774320,Kingston
jm,,,388990252,Mandeville
je,,,,-- please select
jo,,,,-- please select
jo,,,440517622,al-Mafraq
jo,,,439041593,'Ammān
jo,,,439401572,as-Salţ
jo,,,435045560,aţ-Ţafīlah
jo,,,439473610,az-Zarqā'
jo,,,441201585,Irbid
jo,,,432705573,Ma'ān
jo,,,438213579,Mādabā
jo,,,435945569,Maw'tah
jp,,,,-- please select
jp,,,466988011,Akita
jp,,,448987541,Amagasaki
jp,,,453776024,Ami
jp,,,471020074,Aomori
jp,,,481604236,Asahikawa
jp,,,454891945,Ashikaga
jp,,,449059531,Ashiya
jp,,,451651936,Atsugi
jp,,,443839150,Beppu
jp,,,452228011,Chiba
jp,,,450031686,Chita
jp,,,479264155,Ebetsu
jp,,,451219947,Fujisawa
jp,,,453919622,Fukui
jp,,,444955041,Fukuoka
jp,,,459932047,Fukushima
jp,,,448231337,Fukuyama
jp,,,451543676,Gifu
jp,,,455035899,Gumma
jp,,,474512074,Hakodate
jp,,,450967959,Hayama
jp,,,449419469,Himeji
jp,,,451219935,Hiratsuka
jp,,,470192047,Hirosaki
jp,,,447835244,Hiroshima
jp,,,455756066,Hitachi
jp,,,448195671,Ise
jp,,,451507932,Isehara
jp,,,457736045,Ishikawa
jp,,,462380129,Ishinomaki
jp,,,467960123,Iwate
jp,,,451327275,Izumo
jp,,,457663825,Jōetsu
jp,,,447259403,Kagawa
jp,,,437755056,Kagoshima
jp,,,451183955,Kamakura
jp,,,455647664,Kanazawa
jp,,,443911037,Kanzaki
jp,,,449995700,Kariya
jp,,,450895698,Kasugai
jp,,,451939970,Kawasaki
jp,,,478796156,Kitahiroshima
jp,,,445999086,Kitakyūshū
jp,,,481748389,Kitami
jp,,,448879517,Kōbe
jp,,,444847354,Kōchi
jp,,,451111691,Komaki
jp,,,458708038,Kōriyama
jp,,,442111071,Kumamoto
jp,,,443947051,Kurume
jp,,,478832448,Kushiro
jp,,,450067575,Kyōto
jp,,,455035906,Maebashi
jp,,,451759304,Matsue
jp,,,448519653,Matsusaka
jp,,,445855277,Matsuyama
jp,,,455000047,Mito
jp,,,438907142,Miyazaki
jp,,,450319707,Miyoshi
jp,,,476456101,Muroran
jp,,,450679704,Nagakute
jp,,,455971818,Nagano
jp,,,458887885,Nagaoka
jp,,,441930988,Nagasaki
jp,,,419754799,Nago
jp,,,450571691,Nagoya
jp,,,451795750,Nakatsugawa
jp,,,448915583,Nara
jp,,,460543904,Niigata
jp,,,449059534,Nishinomiya
jp,,,450535704,Nisshin
jp,,,478544319,Obihiro
jp,,,450067696,Ōbu
jp,,,443695160,Oita
jp,,,448843392,Okayama
jp,,,449887716,Okazaki
jp,,,418854779,Okinawa
jp,,,419394785,Onna
jp,,,448879550,Ōsaka
jp,,,479552100,Otaru
jp,,,450067587,Ōtsu
jp,,,453308019,Ryugasaki
jp,,,443731030,Saga
jp,,,452119938,Sagamihara
jp,,,453163964,Saitama
jp,,,479048134,Sapporo
jp,,,461768089,Sendai
jp,,,450715592,Shiga
jp,,,449959839,Shizuoka
jp,,,449599658,Suzuka
jp,,,449311535,Takarazuka
jp,,,454819902,Takasaki
jp,,,452227946,Tama
jp,,,442543056,Tamana
jp,,,454999973,Tochigi
jp,,,446683455,Tokushima
jp,,,452443977,Tōkyō
jp,,,451831423,Tottori
jp,,,456151722,Toyama
jp,,,450247701,Toyoake
jp,,,449167739,Toyohashi
jp,,,450355716,Toyota
jp,,,449023651,Tsu
jp,,,454388009,Tsukuba
jp,,,455647989,Utsunomiya
jp,,,447223517,Wakayama
jp,,,487508167,Wakkanai
jp,,,461732033,Yamagata
jp,,,447079148,Yamaguchi
jp,,,452479865,Yamanashi
jp,,,449743496,Yashiro
jp,,,449923664,Yokkaichi
jp,,,451723962,Yokohama
jp,,,451003967,Yokosuka
jp,,,452480017,Yotsukaidō
kz,,,,-- please select
kz,,,496969283,Aķtaū
kz,,,479977692,Almaty
kz,,,508237147,Astana
kz,,,493655188,Atyrau
kz,,,515904942,Kökşetaū
kz,,,507623100,Oral
kz,,,503918261,Öskemen
kz,,,512305695,Pavlodar
kz,,,521592922,Petropavl
kz,,,503593316,Qaragandy
kz,,,515616363,Qostanay
kz,,,505574027,Semey
kz,,,476376959,Shymkent
kz,,,486025840,Taldıķorğan
kz,,,479904826,Türkistan
kz,,,496032777,Zhezkazgan
ke,,,,-- please select
ke,,,322833765,Chuka
ke,,,325893527,Eldoret
ke,,,325065473,Kakamega
ke,,,322257710,Karatina
ke,,,322725528,Kericho
ke,,,319593667,Kikuyu
ke,,,311025985,Kilifi
ke,,,321609476,Kisii
ke,,,323697475,Kisumu
ke,,,320061665,Limuru
ke,,,318585726,Machakos
ke,,,10016,Maseno
ke,,,324237764,Meru
ke,,,309477966,Mombasa
ke,,,319377682,Nairobi
ke,,,323013607,Nakuru
ke,,,320169585,Narok
ke,,,324165636,Nyahururu
ke,,,322545695,Nyeri
ke,,,320277709,Thika
kg,,,,-- please select
kg,,,478357457,Bişkek
kg,,,471409300,Celalabad
kg,,,469969279,Oş
kh,,,,-- please select
kh,,,10017,Chambak
kh,,,365680492,Phnum Pénh
kh,,,372160386,Siem Reab
ki,,,,-- please select
kn,,,,-- please select
kn,,,386327727,Basseterre
kn,,,385751737,Charlestown
kr,,,,-- please select
kr,,,455646872,Andong
kr,,,457266728,Ansŏng
kr,,,458634692,Anyang
kr,,,456474698,Asan
kr,,,451002862,Changwŏn
kr,,,457734822,Chechon
kr,,,444666652,Cheju
kr,,,450714808,Chinju
kr,,,10099,Chodang
kr,,,456546716,Chŏnan
kr,,,455934750,Chŏngju
kr,,,453018714,Chŏnju
kr,,,460326774,Chunchŏn
kr,,,457158794,Chungju
kr,,,453414695,Iksan
kr,,,458958664,Inchŏn
kr,,,459966889,Kangnŭng
kr,,,450714893,Kimhae
kr,,,455250712,Kongju
kr,,,459750693,Koyang
kr,,,454098835,Kumi
kr,,,453594671,Kunsan
kr,,,458706725,Kwangju
kr,,,450606691,Kwangju
kr,,,453090922,Kyŏngju
kr,,,452982873,Kyŏngsan
kr,,,450822858,Masan
kr,,,451794876,Miryang
kr,,,449310639,Mokpo
kr,,,450102672,Naju
kr,,,451470737,Namwōn
kr,,,454350709,Nonsan
kr,,,457770707,Osan
kr,,,453738937,Pohang
kr,,,458958677,Puchŏn
kr,,,450426903,Pusan
kr,,,457158710,Pyŏngtaek
kr,,,458850916,Samchok
kr,,,458814715,Sŏngnam
kr,,,456474644,Sŏsan
kr,,,459246699,Sŏul
kr,,,449850749,Sunchŏn
kr,,,458166701,Suwŏn
kr,,,453162860,Taegu
kr,,,454818743,Taejŏn
kr,,,452010931,Ulsan
kr,,,458490794,Wŏnju
kr,,,458238712,Yongin
kr,,,449094774,Yŏsu
kw,,,,-- please select
kw,,,429538802,al-Jābiriyah
kw,,,429790799,al-Kuwayt
kw,,,429538791,ar-Riq'ay
kw,,,429610806,as-Sālimiyah
kw,,,429574782,Doha
kw,,,429394807,Mušrif
la,,,,-- please select
la,,,395632214,Luang Prabang
la,,,383680475,Savannakhet
la,,,388720261,Vientiane
lb,,,,-- please select
lb,,,446025550,Bayrūt
lb,,,446349562,Jūniyah
lb,,,10019,Mechref
lb,,,448005583,Ţarābulus
lb,,,10020,Zouk Mosbeh
lr,,,,-- please select
lr,,,346732920,Monrovia
ly,,,,-- please select
ly,,,441956162,al-Bayd̨ā
ly,,,441595426,al-H̱ums
ly,,,441955272,az-Zāwiyah
ly,,,439652007,Benghazi
ly,,,440587509,Mişrātah
ly,,,421471442,Sabhā
ly,,,436375659,Surt
ly,,,442351318,Tripoli
ly,,,440947456,Zlītan
lc,,,,-- please select
lc,,,374519902,Castries
li,,,,-- please select
li,,,493722953,Vaduz
lk,,,,-- please select
lk,,,353978041,Anuradhapura
lk,,,349190105,Badulla
lk,,,347966071,Balangod̨a
lk,,,351782169,Batticaloa
lk,,,348973985,Colombo
lk,,,348685987,Dehiwala-Mount Lavinia
lk,,,358838001,Jaffna
lk,,,349081992,Kelaniya
lk,,,350918004,Kuliyapitiya
lk,,,345482053,Mātara
lk,,,348541988,Moratuwa
lk,,,10022,Oluvil
lk,,,10021,Peradeniya
ls,,,,-- please select
ls,,,218504749,Maseru
lt,,,,-- please select
lt,,,521660391,Kaunas
lt,,,524576113,Klaipėda
lt,,,525368332,Šiauliai
lt,,,520940527,Vilnius
lu,,,,-- please select
lu,,,502650612,Luxemburg
lv,,,,-- please select
lv,,,525188651,Daugavpils
lv,,,527960371,Jelgava
lv,,,527456101,Liepāja
lv,,,527456732,Rēzekne
lv,,,529112413,Rīga
lv,,,531200542,Valmiera
mo,,,,-- please select
mo,,,404201356,Aomen
mo,,,10088,Dante
mf,,,,-- please select
ma,,,,-- please select
ma,,,433529039,Agadir
ma,,,444977238,Casablanca
ma,,,443753149,"El Jadida, El-Jadida"
ma,,,446597500,"Fes, Fez"
ma,,,447389342,Kenitra
ma,,,437885200,"Marrakech, Marrakesh"
ma,,,446057444,Meknes
ma,,,448901809,Oujda
ma,,,446489316,Rabat
ma,,,442853238,Settat
ma,,,452105463,Tetouan
mc,,,,-- please select
mc,,,481518742,Monte Carlo
md,,,,-- please select
md,,,495956791,Bălţi
md,,,493328883,Chişinău
md,,,490736866,Comrat
mg,,,,-- please select
mg,,,256018751,Antananarivo
mg,,,279814928,Antsiranana
mg,,,246802707,Fianarantsoa
mg,,,267430631,Mahajanga
mg,,,258682940,Toamasina
mg,,,239926366,Toliary
mv,,,,-- please select
mv,,,339037350,Malé
mx,,,,-- please select
mx,,,402775770,Aguascalientes
mx,,,395468947,Campeche
mx,,,391076817,Carmen
mx,,,397879918,Celaya
mx,,,393344110,Chalco
mx,,,393128043,Chapultepec
mx,,,390609171,Chetumal
mx,,,384164698,Chiapa
mx,,,427075392,Chihuahua
mx,,,387188050,Chilpancingo
mx,,,392624169,Cholula
mx,,,394676089,Coacalco
mx,,,389312558,Coatzacoalcos
mx,,,393271627,Colima
mx,,,394748075,Cuautitlán Izcalli
mx,,,392120075,Cuernavaca
mx,,,413287261,Culiacán
mx,,,410515533,Durango
mx,,,438738338,Ensenada
mx,,,407419714,Fresnillo
mx,,,416383962,Garza García
mx,,,398419665,Guadalajara
mx,,,399679872,Guanajuato
mx,,,428658903,Hermosillo
mx,,,396692193,Huauchinango
mx,,,393704065,Huixquilucan
mx,,,397736078,Ixlahuaca
mx,,,413359597,Juárez
mx,,,410910968,La Paz
mx,,,400039831,León
mx,,,416851100,Los Mochis
mx,,,404180217,Madero
mx,,,399501038,Mérida
mx,,,441546453,Mexicali
mx,,,393956086,Mexico City
mx,,,414692016,Montemorelos
mx,,,416419968,Monterrey
mx,,,394999882,Morelia
mx,,,394136077,Naucalpan
mx,,,393884097,Nezahualcóyotl
mx,,,385460328,Oaxaca
mx,,,422935007,Obregón
mx,,,396440124,Pachuca
mx,,,392588178,Puebla
mx,,,10024,Puerto Ángel
mx,,,398131960,Querétaro
mx,,,417896172,Reynosa
mx,,,415519900,Saltillo
mx,,,403783902,San Luis Potosí
mx,,,399355857,Silao
mx,,,404000215,Tampico
mx,,,401407511,Tepic
mx,,,394280112,Texcoco
mx,,,395360264,Teziutlán
mx,,,441114298,Tijuana
mx,,,393524176,Tlaxcala
mx,,,393452033,Toluca
mx,,,415987657,Torreón
mx,,,384308688,Tuxtla Gutiérrez
mx,,,393919793,Uruapan
mx,,,393092386,Veracruz
mx,,,409436087,Victoria
mx,,,388736708,Villahermosa
mx,,,394316308,Xalapa
mx,,,397088203,Xicotepec
mx,,,406015742,Zacatecas
mh,,,,-- please select
mk,,,,-- please select
mk,,,471764134,Bitola
mk,,,472052082,Ohrid
mk,,,475220147,Skopje
mk,,,474320220,Štip
mk,,,475256097,Tetovo
ml,,,,-- please select
ml,,,369557201,Bamako
mt,,,,-- please select
mt,,,453259448,Msida
mt,,,453367449,San Gwann
mt,,,453295452,Valletta
mm,,,,-- please select
mm,,,396531289,Akyab
mm,,,411363724,Banmo
mm,,,374751820,Dawei
mm,,,387567547,Henzada
mm,,,10023,Hpa-An
mm,,,381987790,Kalay
mm,,,401859613,Kyaukse
mm,,,406647774,Lashio
mm,,,394839720,Loikaw
mm,,,396531492,Magway
mm,,,403155609,Mandalay
mm,,,384255565,Maubin
mm,,,383391763,Mawlamyine
mm,,,399195585,Meiktila
mm,,,368847860,Mergui
mm,,,403623513,Monywa
mm,,,415395738,Myitkyina
mm,,,400815509,Pakokku
mm,,,384435473,Pathein
mm,,,391779521,Pyay
mm,,,395091620,Pyinmana
mm,,,384471615,Rangoon
mm,,,384399624,Syriam
mm,,,398835704,Taunggyi
mm,,,392247642,Toungoo
me,,,,-- please select
me,,,476911928,Podgorica
mn,,,,-- please select
mn,,,496576691,Ulaanbaatar
mp,,,,-- please select
mz,,,,-- please select
mz,,,252633484,Beira
mz,,,235713298,Chokwé
mz,,,253389473,Dondo
mz,,,255729288,Manica
mz,,,230601257,Maputo
mz,,,269553924,Nampula
mz,,,259653689,Quelimane
mr,,,,-- please select
mr,,,389140402,Nouakchott
ms,,,,-- please select
ms,,,384311777,Olveston
mq,,,,-- please select
mq,,,376679888,Schoelcher
mu,,,,-- please select
mw,,,,-- please select
mw,,,267177499,Blantyre
mw,,,267537518,Chiradzulu
mw,,,273729380,Lilongwe
mw,,,285897412,Livingstonia
mw,,,282765402,Mzuzu
mw,,,270705463,Ntcheu
mw,,,266205513,Thyolo
mw,,,268617531,Zomba
my,,,,-- please select
my,,,346024037,Alor Setar
my,,,10097,Arau
my,,,10085,Bachok
my,,,330688293,Bandar Penggaram
my,,,10092,Bangi
my,,,10094,Bintangor
my,,,335441303,Bintulu
my,,,343360046,Bukit Mertajam
my,,,10025,Cyberjaya
my,,,343360031,Georgetown
my,,,335908170,Gombak Setia
my,,,340588107,Ipoh
my,,,346600042,Jitra
my,,,329356375,Johor Bahru
my,,,334756177,Kajang-Sungai Chua
my,,,347212019,Kangar
my,,,343289615,Keningau
my,,,346060224,Kota Bahru
my,,,345521607,Kota Kinabalu
my,,,10093,Kuala Besut
my,,,341200093,Kuala Kangsar
my,,,339076205,Kuala Lipis
my,,,335404171,Kuala Lumpur
my,,,343216314,Kuala Terengganu
my,,,337780334,Kuantan
my,,,329609034,Kuching
my,,,330040360,Kulai
my,,,343324055,Kulim
my,,,10090,Mantin
my,,,331984225,Melaka
my,,,339869397,Miri
my,,,334180180,Nilai
my,,,335188162,Petaling Jaya
my,,,333136180,Port Dickson
my,,,10096,Salem
my,,,329536367,Sekudai
my,,,333784195,Seremban
my,,,335080156,Shah Alam
my,,,332309183,Sibu
my,,,335368153,Subang Jaya
my,,,344368048,Sungai Petani
my,,,337276152,Tanjong Malim
my,,,339365788,Tawau
yt,,,,-- please select
na,,,,-- please select
na,,,242803709,Windhoek
nc,,,,-- please select
nc,,,243862644,Nouméa
ne,,,,-- please select
ne,,,372690212,Niamey
nf,,,,-- please select
ng,,,,-- please select
ng,,,342378735,Aba
ng,,,346770811,Abakaliki
ng,,,349794335,Abeokuta
ng,,,344862610,Abraka
ng,,,356634749,Abuja
ng,,,351486522,Ado
ng,,,345222793,Afikpo
ng,,,349002392,Ago
ng,,,350910574,Akungba
ng,,,350118519,Akure
ng,,,368262447,Aliero
ng,,,349470626,Auchi
ng,,,346374707,Awka
ng,,,351018718,Ayangba
ng,,,361134984,Bauchi
ng,,,346842562,Benin
ng,,,357498900,Bokkos
ng,,,341874833,Calabar
ng,,,366319196,Damaturu
ng,,,347418622,Ebele
ng,,,351882444,Ede
ng,,,344142586,Efferun
ng,,,348282614,Ekpoma
ng,,,347202751,Enugu
ng,,,350406900,Gboko
ng,,,361063117,Gombe
ng,,,350586393,Ibadan
ng,,,349614674,Idah
ng,,,350946456,Ife
ng,,,348570392,Ijebu Ode
ng,,,350766495,Ikeji
ng,,,351018523,Ikere
ng,,,342666771,Ikot Ekpene
ng,,,354582455,Ilorin
ng,,,351126445,Ipetumodu
ng,,,351486418,Iwo
ng,,,356059136,Jalingo
ng,,,359766889,Jos
ng,,,361890744,Kaduna
ng,,,367218852,Kano
ng,,,370782760,Katsina
ng,,,347418335,Lagos
ng,,,356562657,Lapai
ng,,,352098674,Lokoja
ng,,,366679316,Maiduguri
ng,,,351846853,Makurdi
ng,,,358650655,Minna
ng,,,360991327,Mubi
ng,,,354762771,Nassarawa
ng,,,348714739,Nsukka
ng,,,353358472,Offa
ng,,,353286424,Ogbomosho
ng,,,10102,Oghara
ng,,,344718633,Ogume
ng,,,345294686,Okija
ng,,,347454478,Okitipupa
ng,,,353322510,Omu
ng,,,349542484,Ondo
ng,,,351990456,Oshogbo
ng,,,352638479,Ota
ng,,,349902813,Oturkpo
ng,,,343782704,Owerri
ng,,,349938559,Owo
ng,,,352278393,Oyo
ng,,,341334701,Port Harcourt
ng,,,371034524,Sokoto
ng,,,10081,Uli
ng,,,343926750,Umuahia
ng,,,10083,Umunya
ng,,,10101,Uturu
ng,,,342126793,Uyo
ng,,,366498884,Wudil
ng,,,352350978,Wukari
ng,,,341766629,Yenagoa
ng,,,357175248,Yola
ng,,,363906771,Zaria
ni,,,,-- please select
ni,,,366993404,Granada
ni,,,367749373,Managua
ni,,,367137390,Masaya
ni,,,374517661,Puerto Cabezas
ni,,,365193418,Rivas
nu,,,,-- please select
nu,,,255421008,Alofi
nl,,,,-- please select
nl,,,512550489,Amsterdam
nl,,,511182591,Arnhem
nl,,,509706477,Breda
nl,,,511902499,Breukelen
nl,,,511254436,Delft
nl,,,512118620,Deventer
nl,,,512406497,Diemen
nl,,,511290612,Doesburg
nl,,,509202547,Eindhoven
nl,,,514062690,Emmen
nl,,,512010689,Enschede
nl,,,515646657,Groningen
nl,,,507186597,Heerlen
nl,,,515574579,Leeuwarden
nl,,,511830449,Leiden
nl,,,507078569,Maastricht
nl,,,509418361,Middelburg
nl,,,510642585,Nijmegen
nl,,,510966448,Rotterdam
nl,,,511470430,s-Gravenhage
nl,,,510066530,s-Hertogenbosch
nl,,,509670507,Tilburg
nl,,,511578511,Utrecht
nl,,,509274357,Vlissingen
nl,,,511146567,Wageningen
nl,,,513090609,Zwolle
no,,,,-- please select
no,,,575948327,Alta
no,,,538831078,Ås
no,,,541386534,Bergen
no,,,566263437,Bodø
no,,,533358799,Kristiansand
no,,,544051047,Lillehammer
no,,,549882718,Molde
no,,,539695075,Oslo
no,,,536310571,Stavanger-Sandnes
no,,,574795894,Tromsø
no,,,552403040,Trondheim
np,,,,-- please select
np,,,423638444,Bharatpur
np,,,419282728,Birātnagar
np,,,426842165,Birendranagar
np,,,420542726,Dharān
np,,,423782531,Kathmandu
np,,,423674532,Lalitpur
np,,,428282030,Mahendranagar
np,,,425618399,Pokharā
np,,,423026345,Siddharthanagar
np,,,425294229,Tulsīpur
nr,,,,-- please select
nz,,,,-- please select
nz,,,191375476,Auckland
nz,,,167327264,Christchurch
nz,,,158867048,Dunedin
nz,,,188027528,Hamilton
nz,,,166895248,Lincoln
nz,,,175715493,Lower Hutt
nz,,,178775561,Palmerston North
nz,,,175427478,Wellington
om,,,,-- please select
om,,,411323580,al-Buraymi
om,,,408263743,ar-Rustāq
om,,,409379788,Barka
om,,,405815853,Ibra
om,,,409019854,Muscat
om,,,406535753,Nizwa
om,,,385295409,Şalālah
om,,,411647670,Şuh̨ār
om,,,405275955,Şūr
pk,,,,-- please select
pk,,,446965320,Abottābād
pk,,,445633236,Attock
pk,,,429829167,Bahāwalpur
pk,,,442789060,Bannu
pk,,,10098,Chakdara
pk,,,438613090,Dera Īsmāil Khān
pk,,,437101311,Faisalābād
pk,,,453337429,Gilgit
pk,,,439801418,Gujrānwāla
pk,,,441313407,Gujrāt
pk,,,415392837,Hyderabad
pk,,,445417306,Islāmābād
pk,,,10058,Jamshoro
pk,,,413520701,Karāchi
pk,,,423132874,Khairpur
pk,,,424104660,Khuzdar
pk,,,444985144,Kohāt
pk,,,437641435,Lahore
pk,,,447649320,Mānsehra
pk,,,441349154,Miānwāli
pk,,,415932901,Mīrpur Khās
pk,,,432745145,Multān
pk,,,447685348,Muzaffarābād
pk,,,418488840,Nawābshāh
pk,,,446461154,Peshāwar
pk,,,432780702,Quetta
pk,,,444985304,Rāwalpindi
pk,,,418092826,Sakrand
pk,,,439513267,Sargodha
pk,,,423744885,Sukkur
pk,,,446893247,Swābi
pk,,,415572853,Tando Jam
pk,,,445525281,Taxila
pk,,,446677262,Topi
pk,,,416940662,Uthal
pk,,,445597275,Wāh
pa,,,,-- please select
pa,,,354393757,David
pa,,,356302047,Panamá
pn,,,,-- please select
pe,,,,-- please select
pe,,,274906711,Abancay
pe,,,265006847,Arequipa
pe,,,276598578,Ayacucho
pe,,,298234148,Cajamarca
pe,,,285526373,Cerro de Pasco
pe,,,299674016,Chiclayo
pe,,,291358140,Chimbote
pe,,,275338801,Cusco
pe,,,280558479,Huancayo
pe,,,288298376,Huánuco
pe,,,289702247,Huaraz
pe,,,273394425,Ica
pe,,,310510680,Iquitos
pe,,,268210986,Juliaca
pe,,,299926009,Lambayeque
pe,,,280558295,Lima
pe,,,305325937,Piura
pe,,,293806547,Pucallpa
pe,,,266986995,Puno
pe,,,276886360,San Vicente de Cañete
pe,,,259138975,Tacna
pe,,,300574352,Tarapoto
pe,,,290566401,Tingo María
pe,,,294814097,Trujillo
pe,,,311157954,Tumbes
ph,,,,-- please select
ph,,,378570055,Angeles
ph,,,372270353,Antipolo
ph,,,362298297,Bacolod
ph,,,383178057,Baguio
ph,,,382998111,Bambang
ph,,,389010057,Batac
ph,,,373638102,Batangas
ph,,,362478480,Baybay
ph,,,383358115,Bayombong
ph,,,379830097,Cabanatuan
ph,,,354450467,Cagayan
ph,,,369030464,Catarman
ph,,,366402489,Catbalogan
ph,,,376122090,Cavite
ph,,,361182390,Cebu
ph,,,350058425,Cotabato
ph,,,381990052,Dagupan
ph,,,349626563,Davao
ph,,,357582331,Dumaguete
ph,,,384150165,Echague
ph,,,363270272,Ermita
ph,,,371982185,Gasan
ph,,,373350349,Goa
ph,,,385770189,Ilagan
ph,,,353442422,Iligan
ph,,,362514255,Iloilo
ph,,,372378342,Iriga
ph,,,349626482,Kabacan
ph,,,366186236,Kalibo
ph,,,351858510,Kiokong
ph,,,347430485,Koronadal
ph,,,389550059,Laoag
ph,,,383286059,La Trinidad
ph,,,356754554,La Union
ph,,,371442375,Legazpi
ph,,,381702023,Lingayen
ph,,,375078118,Los Baños
ph,,,374250160,Lucena
ph,,,380297998,Malabon
ph,,,377490081,Malolos
ph,,,376662097,Manila
ph,,,351966501,Maramag
ph,,,352830429,Marawi
ph,,,362370224,Miagao
ph,,,380622090,Muñoz
ph,,,372990320,Naga
ph,,,353370384,Ozamiz
ph,,,372846328,Pili
ph,,,359093874,Puerto Princesa
ph,,,381558037,San Carlos
ph,,,378138069,San Fernando
ph,,,377346105,San Jose del Monte
ph,,,374682133,San Pablo
ph,,,384114154,Santiago
ph,,,375258098,Silang
ph,,,364674502,Tacloban
ph,,,348114468,Tacurong
ph,,,358806386,Tagbilaran
ph,,,379758058,Tarlac
ph,,,387462172,Tuguegarao
ph,,,352506509,Valencia
ph,,,387246037,Vigan
ph,,,348942208,Zamboanga
pw,,,,-- please select
pg,,,,-- please select
pg,,,302108538,Goroka
pg,,,299840699,Lae
pg,,,305204579,Madang
pg,,,289904718,Port Moresby
pl,,,,-- please select
pl,,,515324316,Białystok
pl,,,503371905,Bielsko-Biała
pl,,,515251801,Bydgoszcz
pl,,,504235996,Cracow
pl,,,506935913,Częstochowa
pl,,,519715864,Gdańsk
pl,,,520291853,Gdynia
pl,,,505135867,Gliwice
pl,,,504955902,Katowice
pl,,,507224065,Kielce
pl,,,519103618,Koszalin
pl,,,510391946,Łódź
pl,,,508484257,Lublin
pl,,,502688070,Nowy Sącz
pl,,,517628049,Olsztyn
pl,,,506467794,Opole
pl,,,515359674,Piła
pl,,,513199970,Płock
pl,,,512659690,Poznań
pl,,,513776109,Pułtusk
pl,,,509060116,Radom
pl,,,504200200,Rzeszów
pl,,,511832228,Siedlce
pl,,,520111702,Słupsk
pl,,,516367453,Szczecin
pl,,,504056099,Tarnów
pl,,,514891861,Toruń
pl,,,515791647,Wałcz
pl,,,512156102,Warsaw
pl,,,508015703,Wrocław
pl,,,511003549,Zielona Góra
pr,,,,-- please select
pr,,,390431287,Aguadilla
pr,,,390395327,Arecibo
pr,,,389459389,Bayamón
pr,,,390071383,Bayamón
pr,,,389639393,Caguas
pr,,,390035405,Carolina
pr,,,389243384,Cayey
pr,,,389747402,Gurabo
pr,,,389351418,Humacao
pr,,,389603285,Mayagüez
pr,,,388883340,Ponce
pr,,,389099295,San Germán
pr,,,390395387,San Juan
pr,,,389783329,Utuado
kp,,,,-- please select
kp,,,464502575,Pyŏngyang
pt,,,,-- please select
pt,,,463265084,Almada
pt,,,470357134,Aveiro
pt,,,463445073,Barcarena
pt,,,473525138,Barcelos
pt,,,460889214,Beja
pt,,,473597157,Braga
pt,,,474533324,Bragança
pt,,,467369251,Castelo Branco
pt,,,468809157,Coimbra
pt,,,469061249,Covilhã
pt,,,463373060,Estoril
pt,,,462869209,Évora
pt,,,457325206,Faro
pt,,,441556310,Funchal
pt,,,470033274,Guarda
pt,,,467117120,Leiria
pt,,,463409086,Lisbon
pt,,,457685198,Loulé
pt,,,463625081,Odivelas
pt,,,463337071,Paço de Arcos
pt,,,471509143,Paços de Brandão
pt,,,459915433,Ponta Delgada
pt,,,465461257,Portalegre
pt,,,472157138,Porto
pt,,,473705174,Póvoa de Lanhoso
pt,,,10059,Santa Maria da Feira
pt,,,465281131,Santarém
pt,,,462725111,Setúbal
pt,,,466577159,Tomar
pt,,,474173117,Viana do Castelo
pt,,,472121137,Vila Nova de Gaia
pt,,,472733225,Vila Real
py,,,,-- please select
py,,,232932237,Asunción
py,,,232500537,Ciudad del Este
ps,,,,-- please select
ps,,,10065,Bayt Hanina
ps,,,438177521,Bayt Lah̨m
ps,,,439113520,Bīr Zayt
ps,,,437133435,Dayr al-Balah
ps,,,437529444,Ġazzah
ps,,,437565509,Hebron
ps,,,440913530,Janin
ps,,,440049526,Nablus
ps,,,438861520,Rām Allāh
ps,,,440373504,Ţūlkarm
pf,,,,-- please select
pf,,,260571041,Punaauia
qa,,,,-- please select
qa,,,415103151,Doha
re,,,,-- please select
re,,,248891546,Saint-Denis
ro,,,,-- please select
ro,,,489908357,Alba Iulia
ro,,,490304132,Arad
ro,,,491708692,Bacău
ro,,,495596358,Baia Mare
ro,,,488396561,Braşov
ro,,,484004610,Bucharest
ro,,,492428359,Cluj-Napoca
ro,,,483068863,Constanţa
ro,,,483608382,Craiova
ro,,,487604804,Galaţi
ro,,,493832757,Iaşi
ro,,,493472192,Oradea
ro,,,487496338,Petroşani
ro,,,485516487,Piteşti
ro,,,485804603,Ploieşti
ro,,,487100189,Reşiţa
ro,,,488864413,Sibiu
ro,,,495524626,Suceava
ro,,,485840545,Târgovişte
ro,,,486200326,Târgu Jiu
ro,,,491600456,Târgu-Mureş
ro,,,488756123,Timişoara
ru,,,,-- please select
ru,,,517419143,Abakan
ru,,,556474053,Arkhangelsk
ru,,,490882805,Astrakhan
ru,,,516122375,Barnaul
ru,,,506217659,Belgorod
ru,,,523535554,Birsk
ru,,,513134517,Biysk
ru,,,505002753,Blagoveshchensk
ru,,,526708171,Bratsk
ru,,,515757442,Bryansk
ru,,,526090725,Cheboksary
ru,,,522564143,Chelyabinsk
ru,,,528321715,Dubna
ru,,,490774421,Elista
ru,,,511082596,Gorno-Altaysk
ru,,,512416424,Irkutsk
ru,,,529258099,Ivanovo
ru,,,528683323,Izhevsk
ru,,,547338973,"Jákutskaj, Yakutsk"
ru,,,520976050,Kaliningrad
ru,,,520365627,Kaluga
ru,,,524722913,Kazan
ru,,,523214608,Kemerovo
ru,,,498343512,Khabarovsk
ru,,,543624900,"Khanty-Mansiysk, Ostyako-Vogul'sk"
ru,,,534982966,Kirov
ru,,,506047700,Komsomolsk-na-Amure
ru,,,531994093,Kostroma
ru,,,486129898,Krasnodar
ru,,,527926787,"Krasnokokshaisk, Yoshkar-Ola"
ru,,,525699306,Krasnoyarsk
ru,,,523644533,Kurgan
ru,,,510249619,Kursk
ru,,,510183438,Kyzyl
ru,,,513453962,Lipetsk
ru,,,516335897,Magnitogorsk
ru,,,478750750,Makhachkala
ru,,,484618011,Maykop
ru,,,524721762,Moscow
ru,,,572277308,Murmansk
ru,,,480622362,Nalchik
ru,,,526810400,Nizhniy Novgorod
ru,,,495921994,Novoshakhtinsk
ru,,,522170293,Novosibirsk
ru,,,508379832,Novotroitsk
ru,,,522381661,Obninsk
ru,,,522025340,Omsk
ru,,,510431510,Orenburg
ru,,,515542500,Penza
ru,,,532823625,Perm
ru,,,514905865,Petropavlovsk-Kamchatskiy
ru,,,546573433,Petrozavodsk
ru,,,482602306,Pyatigorsk
ru,,,494085971,Rostov-na-Donu
ru,,,520653974,Ryazan
ru,,,533001883,Rybinsk
ru,,,539769032,Saint Petersburg
ru,,,515543015,Samara
ru,,,519070518,Saransk
ru,,,509674603,Saratov
ru,,,521229204,Smolensk
ru,,,486166197,Stavropol
ru,,,517091595,Sterlitamak
ru,,,518171123,Surgut
ru,,,546035081,Syktyvkar
ru,,,494013891,Taganrog
ru,,,513850143,Tambov
ru,,,516550951,Tolyatti
ru,,,527426497,Tomsk
ru,,,493052274,"Toyohara, Yuzhno-Sakhalinsk"
ru,,,519141761,Tula
ru,,,528717589,Tver
ru,,,529764553,Tyumen
ru,,,521231604,Ufa
ru,,,552839369,Ukhta
ru,,,510616762,Ulan-Ude
ru,,,519610840,Ulyanovsk
ru,,,478966468,Vladikavkaz
ru,,,526126040,Vladimir
ru,,,479299190,Vladivostok
ru,,,499378448,Volgograd
ru,,,537213990,Vologda
ru,,,510213926,Voronezh
ru,,,531453987,Yaroslavl
ru,,,528684060,Yekaterinburg
ru,,,513381851,Yelets
rw,,,,-- please select
rw,,,314696973,Butare
rw,,,317936926,Gisenyi
rw,,,316568976,Gitarama
rw,,,316245055,Kibungo
rw,,,317037006,Kigali
rw,,,76945,Nyagatare
sa,,,,-- please select
sa,,,389650250,Abhā
sa,,,419171010,ad-Dammām
sa,,,396094147,al-Bāh̨ah
sa,,,400954028,al-Hadā
sa,,,410962731,al-H̱arj
sa,,,418451020,al-H̱ubar
sa,,,431337987,al-Jawf
sa,,,421258965,al-Jubayl
sa,,,412149959,al-Madīnah
sa,,,395230144,al-Maẖwāh
sa,,,435586102,Ara'ar
sa,,,400558038,aţ-Ţā'īf
sa,,,418667016,az̨-Z̨ahrān
sa,,,418954397,Buraydah
sa,,,426370596,H̨afar al-Bāţin
sa,,,423130170,H̨ā'il
sa,,,401421917,Jiddah
sa,,,384862255,Jīzān
sa,,,401169982,Mecca
sa,,,387022413,Najrān
sa,,,412762677,Riyadh
sa,,,414922525,Šaqra'
sa,,,426225657,Tabūk
sa,,,410745805,Yanbu
sd,,,,-- please select
sd,,,366393435,ad-Damazīn
sd,,,367364966,ad-Dillinj
sd,,,373088535,al-Fāšir
sd,,,374565538,al-Qad̨ārif
sd,,,371505022,al-Ubayyid̨
sd,,,394689712,Būr Sūdān
sd,,,379677639,Kassalā
sd,,,380109252,Khartoum
sd,,,371433266,Kūstī
sd,,,372801360,Sinnār
sd,,,380361248,Umm Durmān
sn,,,,-- please select
sn,,,376972354,Bambey
sn,,,377008252,Dakar
sn,,,381724351,Saint-Louis
sn,,,377332307,Thiès
sn,,,369340371,Ziguinchor
sg,,,,-- please select
sg,,,328708385,Singapore
gs,,,,-- please select
sh,,,,-- please select
sj,,,,-- please select
sb,,,,-- please select
sb,,,290085991,Honiara
sl,,,,-- please select
sl,,,354580676,Freetown
sv,,,,-- please select
sv,,,372501182,San Miguel
sv,,,373293081,San Salvador
sv,,,374409046,Santa Ana
sv,,,373401027,Sonsonate
sm,,,,-- please select
sm,,,482203243,San Marino
so,,,,-- please select
so,,,362578834,Badhan
so,,,341086520,Beledweyne
so,,,359806318,Boorama
so,,,364630918,Boosaaso
so,,,358294554,Burco
so,,,362254736,Ceerigaabo
so,,,354298849,Garoowe
so,,,358438406,Hargeysa
so,,,354550736,Laascanood
so,,,331402533,Muqdisho
pm,,,,-- please select
rs,,,,-- please select
rs,,,10080,Belgrade
rs,,,478424087,Kosovska Mitrovica
rs,,,10079,Kragujevac
rs,,,480008190,Niš
rs,,,10077,Novi Pazar
rs,,,10078,Novi Sad
ss,,,,-- please select
ss,,,346449156,Būr
ss,,,341481160,Jūbā
ss,,,355628739,Uwayl
st,,,,-- please select
sr,,,,-- please select
sr,,,345072480,Paramaribo
sk,,,,-- please select
sk,,,499483915,Banská Bystrica
sk,,,497395713,Bratislava
sk,,,500311818,Dubnica
sk,,,495955813,Komárno
sk,,,499448126,Košice
sk,,,500707961,Liptovský Mikuláš
sk,,,497935808,Nitra
sk,,,500384124,Prešov
sk,,,500707931,Ružomberok
sk,,,499879723,Skalica
sk,,,497575765,Sládkovičovo
sk,,,500059805,Trenčín
sk,,,498187758,Trnava
sk,,,501211874,Žilina
sk,,,498907914,Zvolen
si,,,,-- please select
si,,,487999373,Koper
si,,,489835451,Ljubljana
si,,,491599564,Maribor
si,,,489439365,Nova Gorica
se,,,,-- please select
se,,,531847294,Borås
se,,,541783544,Borlänge
se,,,542215562,Falun
se,,,542503713,Gävle
se,,,531811201,Göteborg
se,,,528031286,Halmstad
se,,,549523793,Härnösand
se,,,532027417,Jönköping
se,,,528031636,Kalmar
se,,,526267559,Karlskrona
se,,,537787351,Karlstad
se,,,525727415,Kristianstad
se,,,534295563,Linköping
se,,,560180216,Luleå
se,,,524575320,Lund
se,,,524215302,Malmö
se,,,537427522,Örebro
se,,,551899872,Örnsköldsvik
se,,,551467465,Östersund
se,,,526375528,Ronneby
se,,,534187384,Skövde
se,,,537607807,Stockholm
se,,,548659733,Sundsvall
se,,,533863230,Trollhättan
se,,,553808024,Umeå
se,,,539515764,Uppsala
se,,,538651654,Västerås
se,,,528787480,Växjö
se,,,531523830,Visby
sz,,,,-- please select
sz,,,228693134,Kwaluseni
sx,,,,-- please select
sx,,,388919688,Low Lands
sc,,,,-- please select
sc,,,307391545,Victoria
sy,,,,-- please select
sy,,,454449717,Aleppo
sy,,,451965578,al-Lāđiqīyah
sy,,,453369902,ar-Raqqah
sy,,,444621632,Damascus
sy,,,446781677,Dayr 'Atiyah
sy,,,450561673,H̨amāh
sy,,,449049672,H̨imş
sy,,,453405663,Idlib
sy,,,10105,Sarmada
tc,,,,-- please select
tc,,,173998,Grace Bay
td,,,,-- please select
td,,,367615505,N'Djaména
tg,,,,-- please select
tg,,,346230135,Lomé
th,,,,-- please select
th,,,375724057,Ayutthaya
th,,,373456050,Bangkok
th,,,391707898,Chiang Mai
th,,,395703983,Chiang Rai
th,,,372268100,Chon Buri
th,,,349228047,Hat Yai
th,,,369279995,Hua Hin
th,,,383176350,Kalasin
th,,,383140283,Khon Kaen
th,,,389871948,Lampang
th,,,390627908,Lamphun
th,,,382276329,Maha Sarakham
th,,,375148122,Nakhon Nayok
th,,,373780006,Nakhon Pathom
th,,,378028210,Nakhon Ratchasima
th,,,380548007,Nakhon Sawan
th,,,391636077,Nan
th,,,373708018,Nonthaburi
th,,,374500052,Pathum Thani
th,,,371223995,Phetchaburi
th,,,384580027,Phitsanulok
th,,,373024061,Samut Prakan
th,,,349984056,Songkhla
th,,,378928483,Ubon Ratchathani
th,,,375183953,U Thong
tj,,,,-- please select
tj,,,462876878,Dushanbe
tj,,,469068962,Khujand
tk,,,,-- please select
tm,,,,-- please select
tm,,,460643838,Aşgabat
tl,,,,-- please select
tl,,,293178558,Dili
to,,,,-- please select
to,,,247896478,Nuku'alofa
tt,,,,-- please select
tt,,,362387849,Port of Spain
tt,,,10075,St. Augustine
tn,,,,-- please select
tn,,,452863082,al-Munastīr
tn,,,452467010,al-Qayrawān
tn,,,456823033,Carthago
tn,,,455418877,Jundūbah
tn,,,456499010,Manūbah
tn,,,446059010,Qābis
tn,,,447930878,Qafşah
tn,,,449119072,Şafāqis
tn,,,453043064,Sūsah
tn,,,456643022,Tunis
tr,,,,-- please select
tr,,,457221532,Adana
tr,,,470865041,Adapazarı
tr,,,463593054,Afyonkarahisar
tr,,,467769285,Ankara
tr,,,454341617,Antakya
tr,,,456825071,Antalya
tr,,,460316784,Aydın
tr,,,466760788,Balıkesir
tr,,,468596998,Bilecik
tr,,,464026049,Bingöl
tr,,,470721161,Bolu
tr,,,459849028,Burdur
tr,,,468740908,Bursa
tr,,,468596641,Çanakkale
tr,,,460028908,Denizli
tr,,,460534023,Diyarbakır
tr,,,474104656,Edirne
tr,,,463269923,Elazığ
tr,,,467698129,Erzurum
tr,,,467265052,Eskişehir
tr,,,457473739,Gaziantep
tr,,,470936944,Gebze
tr,,,459993055,İsparta
tr,,,471980900,İstanbul
tr,,,462368715,İzmir
tr,,,459417694,Kahramanmaraş
tr,,,470146307,Kars
tr,,,463485548,Kayseri
tr,,,456249711,Kilis
tr,,,467481352,Kırıkkale
tr,,,464961416,Kırşehir
tr,,,466652752,Kocaeli
tr,,,460389248,Konya
tr,,,465932998,Kütahya
tr,,,462117831,Malatya
tr,,,463088743,Manisa
tr,,,456537463,Mersin
tr,,,458012836,Muğla
tr,,,460749468,Niğde
tr,,,472665633,Samsun
tr,,,467121702,Sivas
tr,,,456933490,Tarsus
tr,,,471548752,Tekirdağ
tr,,,469101656,Tokat
tr,,,471621971,Trabzon
tr,,,457833879,Urfa
tr,,,462586340,Van
tr,,,470396928,Yalova
tv,,,,-- please select
tw,,,,-- please select
tw,,,414714142,Dànshuĭ
tw,,,409386053,Dŏuliù
tw,,,405498027,Gāoxióng
tw,,,407514034,Guāntián
tw,,,410394159,Huālián
tw,,,408558043,Jiāyì
tw,,,414498173,Jīlóng
tw,,,412482081,Miáolì
tw,,,405678048,Píngdōng
tw,,,410322096,Pŭlĭ
tw,,,406722025,Réndé
tw,,,414102145,Táiběi
tw,,,405966114,Táidōng
tw,,,406830019,Táinán
tw,,,410970068,Táizhōng
tw,,,414030131,Táoyuán
tw,,,413382098,Xīnzhú
tw,,,413202174,Yílán
tw,,,406902026,Yŏngkāng
tw,,,410718052,Zhānghuà
tz,,,,-- please select
tz,,,311925667,Arusha
tz,,,299469928,Dar es Salaam
tz,,,301809574,Dodoma
tz,,,306813828,Lushoto
tz,,,299469766,Morogoro
tz,,,311997734,Moshi
tz,,,314949289,Mwanza
ug,,,,-- please select
ug,,,324237246,Entebbe
ug,,,326433027,Fort Portal
ug,,,334029228,Gulu
ug,,,325605320,Jinja
ug,,,325173258,Kampala
ug,,,322833173,Masaka
ug,,,327945417,Mbale
ug,,,321861065,Mbarara
ug,,,326577417,Tororo
ua,,,,-- please select
ua,,,503229012,Bila Tserkva
ua,,,497900593,Chernivtsi
ua,,,498621462,Dniprodzerzhyns'k
ua,,,498441498,Dnipropetrovs'k
ua,,,496821782,Donetsk
ua,,,500132471,Ivano-Frankivs'k
ua,,,503949622,Kharkiv
ua,,,491889260,Kherson
ua,,,501932700,Khmel'nyts'kyy
ua,,,505569052,Kiev
ua,,,496533335,Kryvyy Rih
ua,,,498873933,Luhans'k
ua,,,506720533,Luts'k
ua,,,503408400,L'viv
ua,,,493113200,Mykolayiv
ua,,,491313073,Odesa
ua,,,505208652,Ostroh
ua,,,502509457,Poltava
ua,,,484581353,Sevastopol'
ua,,,485841410,Simferopol'
ua,,,507333478,Sumy
ua,,,502400558,Ternopil'
ua,,,499052230,Uzhhorod
ua,,,501248848,Vinnytsya
ua,,,496281517,Zaporizhzhya
ua,,,504920867,Zhytomyr
um,,,,-- please select
uy,,,,-- please select
uy,,,198480383,Montevideo
uz,,,,-- please select
uz,,,469429178,Fargona
uz,,,469969094,Ķüķon
uz,,,471625167,Namaņgan
uz,,,476915961,Nukus
uz,,,466800695,Samarkand
uz,,,472740930,Tashkent
va,,,,-- please select
va,,,474859246,Vatican City
vc,,,,-- please select
vc,,,371387877,Kingstown
ve,,,,-- please select
ve,,,360479528,Barcelona
ve,,,354970975,Barinas
ve,,,360191070,Barquisimeto
ve,,,361559312,Baruta
ve,,,361558855,Cabimas
ve,,,360119073,Cabudare
ve,,,361955307,Caracas
ve,,,354143738,Ciudad Guayana
ve,,,365123032,Coro
ve,,,361631582,Cumaná
ve,,,360875211,Guacara
ve,,,362638834,Maracaibo
ve,,,361199253,Maracay
ve,,,354250887,Mérida
ve,,,351982775,San Cristóbal
ve,,,359651264,San Juan de los Morros
ve,,,10061,Santa Bárbara del Zulia
ve,,,360803252,Turmero
ve,,,360839202,Valencia
ve,,,357562938,Valera
vg,,,,-- please select
vi,,,,-- please select
vi,,,390071506,Charlotte Amalie
vn,,,,-- please select
vn,,,363448682,Biên Hòa
vn,,,369676804,Buôn Ma Thuột
vn,,,360136578,Cần Thơ
vn,,,367084844,Đà Lạt
vn,,,381880821,Đà Nẵng
vn,,,399484632,Hải Dương
vn,,,399124668,Hải Phòng
vn,,,399736584,Hà Nội
vn,,,362836669,Ho Chi Minh City
vn,,,383356758,Huế
vn,,,361432543,Long Xuyên
vn,,,368128919,Nha Trang
vn,,,401644586,Thái Nguyên
vn,,,363556665,Thư Dầu Một
vn,,,359812634,Trà Vinh
vu,,,,-- please select
wf,,,,-- please select
ws,,,,-- please select
ws,,,274212824,Apia
ye,,,,-- please select
ye,,,370066503,'Adan
ye,,,376366913,al-Mukallā
ye,,,376438439,Đamār
ye,,,374314418,Ibb
ye,,,379390421,Şan'ā
ye,,,372982404,Ta'izz
za,,,,-- please select
za,,,205976683,Alice
za,,,219080623,Bloemfontein
za,,,201871846,Cape Town
za,,,216489099,Durban
za,,,204140652,Grahamstown
za,,,229736804,Johannesburg
za,,,220520477,Kimberley
za,,,227252662,Klerksdorp
za,,,231032561,Mmabatho
za,,,210332879,Mthatha
za,,,201764559,Port Elizabeth
za,,,231392822,Pretoria
za,,,228440917,Secunda
za,,,201907886,Stellenbosch
za,,,241401048,Thohoyandou
za,,,221564123,Upington
zm,,,,-- please select
zm,,,272036845,Kabwe
zm,,,277904822,Kitwe
zm,,,268508829,Lusaka
zm,,,265412748,Monze
zm,,,277328864,Ndola
zw,,,,-- please select
zw,,,261705132,Bindura
zw,,,251408858,Bulawayo
zw,,,261525018,Chinhoyi
zw,,,254000982,Gweru
zw,,,259869105,Harare
zw,,,258537155,Marondera
zw,,,251805082,Masvingo
zw,,,255729265,Mutare
us,ar,,,
us,mi,,,
us,as,,,
us,sd,,,
us,mn,,,
us,az,,,
us,tn,,,
us,mo,,,
us,ca,,,
us,tx,,,
us,mp,,,
us,co,,,
us,um,,,
us,ms,,,
us,ct,,,
us,ut,,,
us,mt,,,
us,dc,,,
us,va,,,
us,nc,,,
us,de,,,
us,vi,,,
us,nd,,,
us,fl,,,
us,vt,,,
us,ne,,,
us,ga,,,
us,wa,,,
us,nh,,,
us,gu,,,
us,wi,,,
us,nj,,,
us,hi,,,
us,wv,,,
us,nm,,,
us,ia,,,
us,wy,,,
us,nv,,,
us,id,,,
us,ny,,,
us,il,,,
us,oh,,,
us,in,,,
us,ok,,,
us,ks,,,
us,or,,,
us,ky,,,
us,pa,,,
us,la,,,
us,pr,,,
us,ma,,,
us,ak,,,
us,ri,,,
us,md,,,
us,al,,,
us,sc,,,
us,me,,,
